panel_id,week,tg,ii,age,income,education,gender,t_kakao_talk,t_anipang,t_kakao_story,t_kakao_game,t_non_kakao_game,t_non_kakao_story,t_non_kakao_talk,t_non_kakao
10005,1,0,0,2,1,3,Male,3049,0,0,0,10102,0,2038,37004
10005,2,0,0,2,1,3,Male,1144,0,0,0,2971,0,985,18715
10039,1,0,0,5,4,2,Female,10265,0,144,0,0,0,1624,18339
10039,2,0,0,5,4,2,Female,5752,0,0,0,0,0,1571,8152
10152,1,0,0,1,3,1,Male,1713,0,167,0,0,20258,1201,62496
10152,2,0,0,1,3,1,Male,4714,0,484,0,0,14411,3759,70896
10204,1,0,0,3,4,4,Male,3574,0,3958,0,0,4929,1780,28948
10204,2,0,0,3,4,4,Male,2550,0,3809,0,0,1935,2423,49001
10233,1,0,0,3,3,4,Female,9627,0,7562,0,0,0,1179,37493
10233,2,0,0,3,3,4,Female,4993,0,1935,205,556,0,976,30545
10270,1,0,0,5,4,4,Male,1079,0,0,0,0,0,599,5697
10270,2,0,0,5,4,4,Male,117,0,0,0,0,0,22344,23987
10277,1,0,0,4,2,4,Female,2036,0,0,0,60,0,974,2915
10277,2,0,0,4,2,4,Female,3450,0,0,0,0,0,1064,7327
1029,1,0,0,5,4,4,Male,4859,0,0,0,0,0,2955,6029
1029,2,0,0,5,4,4,Male,3259,0,382,0,0,0,1574,4680
10370,1,0,0,3,3,4,Male,3657,0,0,0,43745,690,1462,66657
10370,2,0,0,3,3,4,Male,9037,0,280,0,30183,1392,1711,56573
10410,1,0,0,5,3,4,Male,274,0,9,0,2899,0,2754,13997
10410,2,0,0,5,3,4,Male,1682,0,1639,0,4467,0,2490,26405
10418,1,0,0,3,3,4,Male,0,0,0,0,454,0,1157,4078
10418,2,0,0,3,3,4,Male,0,0,0,0,169,3,999,5578
1043,1,0,0,4,3,4,Male,510,0,0,0,0,0,839,14114
1043,2,0,0,4,3,4,Male,350,0,0,0,0,0,1720,5571
10463,1,1,0,2,1,2,Female,119366,0,4976,0,1566,497,6957,47819
10463,2,1,1,2,1,2,Female,95875,3367,9794,1588,11,5721,4507,74397
10465,1,0,0,4,3,4,Female,5786,0,0,0,0,27,6647,30067
10465,2,0,0,4,3,4,Female,1824,0,838,0,0,0,8486,15112
10496,1,1,0,3,3,4,Female,4944,0,175,0,18027,0,6985,104512
10496,2,1,1,3,3,4,Female,3187,138,977,0,15024,0,3180,91932
1052,1,0,0,3,3,4,Female,596,0,140,0,10,0,20398,134877
1052,2,0,0,3,3,4,Female,944,0,482,0,0,0,21120,83650
10538,1,0,0,3,2,4,Male,4888,0,413,0,0,2380,2635,11294
10538,2,0,0,3,2,4,Male,2325,0,2131,0,583,883,6054,27418
1054,1,0,0,3,3,4,Male,0,0,0,0,0,3,4984,28911
1054,2,0,0,3,3,4,Male,0,0,0,0,2284,0,1526,42889
10551,1,0,0,3,3,4,Male,4888,0,413,0,0,2380,2635,11294
10551,2,0,0,3,3,4,Male,2325,0,2131,0,583,883,6054,27418
10589,1,0,0,3,4,4,Female,3554,0,2383,0,1625,0,1337,13719
10589,2,0,0,3,4,4,Female,630,0,1332,0,1272,0,2230,22252
10685,1,0,0,2,2,3,Male,16959,0,0,0,31354,1332,1215,83567
10685,2,0,0,2,2,3,Male,15175,0,4,0,52854,1267,399,114228
10787,1,1,0,2,3,3,Female,19059,0,1237,0,0,12999,164,37316
10787,2,1,1,2,3,3,Female,43271,2125,125,0,0,24688,627,68450
10813,1,0,0,5,3,2,Female,1999,0,154,0,0,0,1569,13927
10813,2,0,0,5,3,2,Female,673,0,25,0,251,0,1684,20314
10814,1,0,0,3,3,4,Female,3828,0,6864,0,10,0,8168,62524
10814,2,0,0,3,3,4,Female,1204,0,1817,0,7,0,5835,58725
10822,1,0,0,3,3,4,Male,334,0,0,0,9254,0,423,12669
10822,2,0,0,3,3,4,Male,225,0,0,0,28203,0,2573,52577
10831,1,0,0,2,3,3,Male,18315,0,95,0,23446,3719,1074,72247
10831,2,0,0,2,3,3,Male,12906,0,134,157,36577,3009,406,62101
10916,1,0,0,5,4,4,Male,0,0,0,0,0,0,2391,14347
10916,2,0,0,5,4,4,Male,0,0,0,0,0,0,910,33266
10934,1,1,0,3,3,3,Female,5994,0,0,0,0,0,3626,19736
10934,2,1,1,3,3,3,Female,4963,24,0,0,6,0,2029,17349
10944,1,0,0,2,2,4,Male,16959,0,0,0,31354,1332,1215,83567
10944,2,0,0,2,2,4,Male,15175,0,4,0,52854,1267,399,114228
11051,1,0,0,3,4,4,Female,5062,0,279,0,7824,51,2353,23855
11051,2,0,0,3,4,4,Female,2686,0,1892,0,1428,0,14910,26198
11113,1,0,0,3,4,4,Female,11465,0,0,0,2847,0,5502,43285
11113,2,0,0,3,4,4,Female,6607,0,0,0,4613,0,4981,53919
11122,1,0,0,3,3,4,Male,10656,0,4148,0,4560,0,1391,10502
11122,2,0,0,3,3,4,Male,267,0,3393,0,4873,0,486,6299
11139,1,0,0,5,2,2,Female,21324,0,83,0,6005,0,3912,14254
11139,2,0,0,5,2,2,Female,18530,0,0,0,1233,0,3895,10059
11179,1,0,0,3,3,4,Male,20127,0,298,0,0,0,2286,29792
11179,2,0,0,3,3,4,Male,21232,0,106,0,0,0,2749,13068
11205,1,0,0,3,2,2,Female,3829,0,6879,0,0,0,2373,28170
11205,2,0,0,3,2,2,Female,9555,0,8364,0,0,0,762,6769
11208,1,0,0,4,2,2,Male,115,0,314,0,139,118,306,13782
11208,2,0,0,4,2,2,Male,279,0,55,0,2302,0,148,3605
11239,1,0,0,1,1,3,Female,296,0,0,0,63652,0,124,159257
11239,2,0,0,1,1,3,Female,1708,0,0,0,19558,0,313,127847
11241,1,0,0,1,3,1,Male,3715,0,0,0,21661,10155,2841,57741
11241,2,0,0,1,3,1,Male,2681,0,0,0,31932,8354,906,54101
11246,1,0,0,5,2,2,Female,21324,0,83,0,6005,0,3912,14254
11246,2,0,0,5,2,2,Female,18530,0,0,0,1233,0,3895,10059
1125,1,0,0,3,3,4,Male,219,0,307,0,1188,0,97,4303
1125,2,0,0,3,3,4,Male,969,0,754,0,1302,0,6789,17628
11267,1,0,0,5,2,2,Female,0,0,0,0,0,0,3057,10254
11267,2,0,0,5,2,2,Female,0,0,0,0,0,0,4492,39898
1127,1,0,0,3,4,4,Male,767,0,0,0,39,0,2195,13145
1127,2,0,0,3,4,4,Male,487,0,0,0,0,0,2947,34329
11336,1,0,0,1,4,1,Male,702,0,0,0,76831,237,1124,226305
11336,2,0,0,1,4,1,Male,114,0,0,326,9238,144,563,165105
11340,1,0,0,1,4,1,Male,28386,0,9053,0,5805,30,752,48545
11340,2,0,0,1,4,1,Male,46243,0,24422,0,589,0,176,45713
11341,1,0,0,1,3,1,Male,3715,0,0,0,21661,10155,2841,57741
11341,2,0,0,1,3,1,Male,2681,0,0,0,31932,8354,906,54101
11361,1,0,0,3,4,4,Male,257,0,0,0,0,0,4082,19114
11361,2,0,0,3,4,4,Male,849,0,0,0,0,0,526,958
11375,1,0,0,2,2,3,Female,17103,0,0,0,0,34,628,34279
11375,2,0,0,2,2,3,Female,8102,0,0,0,333,597,742,36951
11383,1,0,0,1,2,1,Female,13995,0,814,0,0,805,689,39322
11383,2,0,0,1,2,1,Female,2150,0,706,0,0,574,654,74100
11391,1,0,0,5,3,2,Female,1999,0,154,0,0,0,1569,13927
11391,2,0,0,5,3,2,Female,673,0,25,0,251,0,1684,20314
11392,1,0,0,1,4,1,Female,8577,0,846,0,10866,0,4099,180738
11392,2,0,0,1,4,1,Female,1485,0,867,0,10699,153,1256,120943
11393,1,0,0,4,4,4,Female,1543,0,0,0,821,0,1830,7884
11393,2,0,0,4,4,4,Female,966,0,0,0,0,0,2031,5880
11407,1,0,0,1,4,1,Male,28386,0,9053,0,5805,30,752,48545
11407,2,0,0,1,4,1,Male,46243,0,24422,0,589,0,176,45713
11447,1,0,0,2,3,3,Male,12634,0,0,0,0,701,2760,31315
11447,2,0,0,2,3,3,Male,44610,0,0,0,0,157,83,59559
11507,1,0,0,3,3,2,Male,3810,0,2239,0,0,608,3892,42252
11507,2,0,0,3,3,2,Male,10247,0,2011,0,0,226,1645,49833
11522,1,0,0,3,4,3,Male,6658,0,0,0,25395,0,9614,58942
11522,2,0,0,3,4,3,Male,836,0,0,0,1062,0,28326,81013
11561,1,0,0,3,2,2,Male,3530,0,59,0,4677,0,663,48970
11561,2,0,0,3,2,2,Male,3119,0,373,632,2869,0,1694,36983
11580,1,0,0,4,3,4,Male,6983,0,259,0,2791,0,58837,99478
11580,2,0,0,4,3,4,Male,1186,0,0,0,606,13,1797,39702
11583,1,0,0,1,4,1,Female,8577,0,846,0,10866,0,4099,180738
11583,2,0,0,1,4,1,Female,1485,0,867,0,10699,153,1256,120943
1159,1,0,0,5,4,4,Male,0,0,0,0,0,0,2406,69640
1159,2,0,0,5,4,4,Male,0,0,0,0,0,0,7043,88443
11673,1,0,0,1,2,1,Female,13995,0,814,0,0,805,689,39322
11673,2,0,0,1,2,1,Female,2150,0,706,0,0,574,654,74100
1169,1,0,0,3,4,4,Male,0,0,0,0,0,0,4496,21989
1169,2,0,0,3,4,4,Male,0,0,0,0,0,0,3642,28454
11700,1,0,0,1,3,1,Male,1713,0,167,0,0,20258,1201,62496
11700,2,0,0,1,3,1,Male,4714,0,484,0,0,14411,3759,70896
11743,1,0,0,3,3,4,Male,1420,0,0,0,0,70,11156,34415
11743,2,0,0,3,3,4,Male,1189,0,3,0,0,0,4248,62150
11745,1,0,0,3,3,4,Male,1788,0,2560,0,0,0,385,2943
11745,2,0,0,3,3,4,Male,748,0,1283,0,0,0,260,4049
11783,1,0,0,3,3,3,Female,0,0,0,0,0,0,840,11033
11783,2,0,0,3,3,3,Female,0,0,0,0,0,0,1388,19510
11795,1,0,0,1,2,1,Female,13995,0,814,0,0,805,689,39322
11795,2,0,0,1,2,1,Female,2150,0,706,0,0,574,654,74100
11796,1,0,0,4,3,2,Female,123,0,0,0,0,0,4995,25940
11796,2,0,0,4,3,2,Female,8427,0,0,0,0,0,5872,7323
11852,1,1,0,2,2,3,Female,12190,0,0,0,4412,0,2269,25875
11852,2,1,1,2,2,3,Female,9562,588,0,900,7084,0,5794,36803
11892,1,0,0,3,3,4,Female,32616,0,6288,0,2403,0,5803,36252
11892,2,0,0,3,3,4,Female,26639,0,8825,0,15,0,5646,55971
11903,1,0,0,2,1,3,Female,12924,0,0,0,0,0,382,4328
11903,2,0,0,2,1,3,Female,12812,0,0,0,0,1087,788,27073
1194,1,1,0,3,3,4,Male,5803,0,0,0,5693,0,4893,61931
1194,2,1,1,3,3,4,Male,11190,2051,0,30847,2496,0,2832,33205
11990,1,0,0,4,2,2,Female,16938,0,0,0,16166,0,457,34684
11990,2,0,0,4,2,2,Female,3319,0,0,0,14967,0,554,30357
12000,1,0,0,2,2,4,Female,30739,0,3707,0,0,30021,1936,79252
12000,2,0,0,2,2,4,Female,36305,0,3325,0,0,18914,4848,72302
1201,1,0,0,3,2,4,Male,6404,0,0,0,28671,0,2464,81892
1201,2,0,0,3,2,4,Male,2232,0,0,0,36056,1107,3449,84917
12046,1,0,0,3,2,4,Female,596,0,140,0,10,0,20398,134877
12046,2,0,0,3,2,4,Female,944,0,482,0,0,0,21120,83650
12116,1,0,0,4,2,4,Male,8911,0,1106,0,0,937,9316,57882
12116,2,0,0,4,2,4,Male,4191,0,0,0,0,0,3326,44237
12122,1,0,0,2,4,3,Male,57060,0,0,0,0,23488,1524,36657
12122,2,0,0,2,4,3,Male,22985,0,0,0,0,40899,25783,77840
12156,1,0,0,5,4,4,Male,3247,0,0,0,0,0,1032,8617
12156,2,0,0,5,4,4,Male,1095,0,0,0,0,0,2791,25630
12170,1,0,0,1,4,1,Female,8577,0,846,0,10866,0,4099,180738
12170,2,0,0,1,4,1,Female,1485,0,867,0,10699,153,1256,120943
12236,1,0,0,3,4,4,Male,1864,0,595,0,0,0,3734,63482
12236,2,0,0,3,4,4,Male,8253,0,520,0,306,0,1418,25082
12270,1,0,0,2,2,2,Male,22908,0,1819,0,34179,391,661,72319
12270,2,0,0,2,2,2,Male,11394,0,3765,0,26498,244,1605,48791
12300,1,0,0,3,4,3,Male,1470,0,1882,0,0,3,1075,10520
12300,2,0,0,3,4,3,Male,2298,0,2040,0,0,4,1329,10302
12302,1,0,0,4,3,4,Male,521,0,0,0,19040,0,640,30946
12302,2,0,0,4,3,4,Male,649,0,0,0,4173,0,286,23209
12333,1,0,0,3,2,3,Male,5205,0,24,0,4683,0,2002,16632
12333,2,0,0,3,2,3,Male,5821,0,0,0,8898,0,3707,20329
12363,1,0,0,3,3,4,Male,3287,0,1657,0,0,0,201,29842
12363,2,0,0,3,3,4,Male,10131,0,973,0,0,0,67,2023
12381,1,0,0,4,4,4,Female,2413,0,0,0,0,0,14695,35491
12381,2,0,0,4,4,4,Female,10472,0,0,0,0,0,7904,25864
12406,1,0,0,2,2,2,Female,251,0,0,0,7137,0,2111,38047
12406,2,0,0,2,2,2,Female,5212,0,0,0,4613,0,890,8319
12424,1,0,0,2,2,4,Male,33567,0,0,0,0,2856,680,40613
12424,2,0,0,2,2,4,Male,56607,0,0,0,0,4513,837,76289
1244,1,0,0,3,3,4,Male,9983,0,967,0,0,849,569,14778
1244,2,0,0,3,3,4,Male,952,0,0,0,0,907,1894,48842
12543,1,0,0,4,3,4,Male,1001,0,0,0,0,0,9838,32553
12543,2,0,0,4,3,4,Male,1903,0,0,0,0,0,13353,22357
12552,1,0,0,2,3,3,Female,30257,0,10126,0,560,4214,1243,86604
12552,2,0,0,2,3,3,Female,34792,0,4766,0,0,2965,989,100898
12580,1,0,0,5,3,4,Male,3216,0,404,0,0,100,1845,76244
12580,2,0,0,5,3,4,Male,91,0,0,0,0,146,227,5955
12592,1,0,0,2,2,3,Female,14185,0,0,0,0,0,1039,27193
12592,2,0,0,2,2,3,Female,18700,0,0,0,0,54,621,25361
12634,1,0,0,1,4,1,Female,4034,0,3989,0,13820,169,1649,35405
12634,2,0,0,1,4,1,Female,2983,0,6320,0,16091,1823,1132,59171
1265,1,0,0,4,2,4,Male,2824,0,78,0,0,0,18146,26224
1265,2,0,0,4,2,4,Male,1885,0,7,0,0,0,2536,8737
12651,1,0,0,4,3,4,Male,3405,0,104,0,0,0,1520,15141
12651,2,0,0,4,3,4,Male,8146,0,21,0,0,0,1357,31504
12654,1,0,0,1,2,1,Female,136533,0,30082,0,0,9295,707,16246
12654,2,0,0,1,2,1,Female,161971,0,20011,0,0,6453,319,20191
12668,1,0,0,3,2,2,Female,9674,0,0,0,0,0,3034,7347
12668,2,0,0,3,2,2,Female,27581,0,0,0,0,0,1123,4429
12678,1,0,0,4,4,4,Male,434,0,17,0,5521,0,1858,62096
12678,2,0,0,4,4,4,Male,887,0,9,0,13680,0,2735,119351
12686,1,1,0,2,3,3,Female,32260,0,980,0,0,7239,564,33457
12686,2,1,1,2,3,3,Female,26319,503,372,0,0,5463,61,52553
12745,1,0,0,3,3,4,Female,1793,0,0,0,0,0,2749,5503
12745,2,0,0,3,3,4,Female,105,0,0,0,0,10,1889,6793
12773,1,0,0,2,4,3,Female,47082,0,0,0,2304,8233,463,145858
12773,2,0,0,2,4,3,Female,32033,0,0,0,514,2867,945,191667
12849,1,0,0,2,4,3,Female,14744,0,0,0,0,0,2900,75185
12849,2,0,0,2,4,3,Female,74754,0,0,0,0,0,2470,34582
1287,1,0,0,3,4,4,Male,0,0,0,0,0,0,9617,31488
1287,2,0,0,3,4,4,Male,2682,0,0,0,0,0,6803,15214
1289,1,0,0,4,1,4,Male,1350,0,770,0,30046,10,1967,50120
1289,2,0,0,4,1,4,Male,1507,0,145,0,5873,0,1588,64151
12890,1,0,0,3,3,4,Female,0,0,0,0,78069,0,2214,82432
12890,2,0,0,3,3,4,Female,0,0,0,0,136308,0,2178,140473
1290,1,0,0,3,3,4,Male,12,0,0,0,0,0,1111,8668
1290,2,0,0,3,3,4,Male,9,0,0,0,0,0,24499,44487
12904,1,0,0,3,2,4,Female,52137,0,4236,0,16635,0,3761,30892
12904,2,0,0,3,2,4,Female,24932,0,11052,0,29815,0,23687,71050
12999,1,0,0,3,3,4,Female,8797,0,8290,0,0,0,7603,33974
12999,2,0,0,3,3,4,Female,14045,0,7213,0,767,3,4597,47836
13032,1,0,0,4,3,2,Male,0,0,0,0,0,0,9222,37028
13032,2,0,0,4,3,2,Male,0,0,0,0,0,0,13062,48760
13143,1,0,0,1,3,1,Female,36178,0,0,0,61,0,14963,72498
13143,2,0,0,1,3,1,Female,53775,0,0,0,0,0,11767,81750
1317,1,0,0,4,3,4,Male,28012,0,120,0,0,12949,7767,53018
1317,2,0,0,4,3,4,Male,33143,0,0,0,0,9173,6861,79818
13200,1,0,0,1,3,1,Female,2827,0,1224,0,1180,0,5525,9462
13200,2,0,0,1,3,1,Female,0,0,0,0,0,0,0,3
13205,1,0,0,4,3,4,Female,27376,0,0,0,0,0,9575,25478
13205,2,0,0,4,3,4,Female,3460,0,0,0,0,0,6215,15833
13232,1,0,0,3,3,2,Female,3087,0,11,0,0,0,1298,21551
13232,2,0,0,3,3,2,Female,1016,0,0,5494,0,0,3145,50155
13233,1,0,0,5,4,4,Male,219,0,0,0,0,0,1167,6545
13233,2,0,0,5,4,4,Male,0,0,0,0,0,0,2208,19922
13244,1,0,0,1,3,1,Male,2158,0,946,0,8794,0,17673,59923
13244,2,0,0,1,3,1,Male,22690,0,0,0,2187,0,12300,49305
13305,1,0,0,2,1,3,Female,12159,0,0,0,23611,0,224,153447
13305,2,0,0,2,1,3,Female,12547,0,436,0,40826,1900,414,152648
13307,1,0,0,3,4,4,Male,15800,0,3100,0,0,17344,8404,51178
13307,2,0,0,3,4,4,Male,19798,0,1250,0,0,17909,6408,45100
13343,1,1,0,3,3,4,Female,3027,0,551,0,5471,0,448,7741
13343,2,1,1,3,3,4,Female,3896,1521,3974,3196,3416,0,5329,24172
13356,1,1,0,3,2,2,Male,19634,0,11467,0,43451,0,1209,115236
13356,2,1,1,3,2,2,Male,10940,429,16047,0,27031,0,1029,89383
13359,1,0,0,4,3,4,Female,27376,0,0,0,0,0,9575,25478
13359,2,0,0,4,3,4,Female,3460,0,0,0,0,0,6215,15833
13543,1,0,0,3,3,4,Male,7944,0,1665,0,0,0,3487,8746
13543,2,0,0,3,3,4,Male,9606,0,349,0,36,0,6406,12544
13551,1,0,0,5,4,4,Female,3003,0,409,0,0,0,104,2266
13551,2,0,0,5,4,4,Female,4165,0,145,0,0,0,1125,2502
13600,1,0,0,5,2,4,Male,23809,0,0,0,0,0,2046,11384
13600,2,0,0,5,2,4,Male,2621,0,0,0,0,0,1631,28968
13606,1,0,0,2,2,3,Female,60183,0,0,0,119491,2353,195,130467
13606,2,0,0,2,2,3,Female,99011,0,0,0,91367,3731,604,104044
13647,1,0,0,4,4,2,Female,20073,0,0,0,0,0,8614,25537
13647,2,0,0,4,4,2,Female,40578,0,0,0,0,0,11254,40074
13682,1,0,0,4,4,4,Male,3912,0,113,0,15923,22,373,66651
13682,2,0,0,4,4,4,Male,187,0,268,36,10845,4612,884,27204
13713,1,0,0,3,4,4,Female,0,0,0,0,0,0,1856,3929
13713,2,0,0,3,4,4,Female,0,0,0,0,0,6,724,29302
13806,1,0,0,2,2,4,Male,36499,0,102,0,35665,4848,325,59007
13806,2,0,0,2,2,4,Male,38656,0,0,0,0,2252,517,18793
13852,1,0,0,3,2,2,Female,9076,0,5968,0,379,10,1498,12126
13852,2,0,0,3,2,2,Female,5107,0,5663,0,0,0,1083,19879
13859,1,0,0,3,2,4,Female,265,0,2021,0,357,0,1386,17499
13859,2,0,0,3,2,4,Female,10034,0,3471,0,153,0,15188,52638
13876,1,0,0,4,3,4,Female,1895,0,190,0,85,0,2614,11660
13876,2,0,0,4,3,4,Female,3976,0,67,0,1126,0,2268,12081
139,1,0,0,3,3,4,Male,3657,0,0,0,43745,690,1462,66657
139,2,0,0,3,3,4,Male,9037,0,280,0,30183,1392,1711,56573
13921,1,0,0,3,3,4,Male,1554,0,0,0,0,0,7085,27527
13921,2,0,0,3,3,4,Male,3168,0,0,0,0,0,3845,16623
13964,1,0,0,3,3,4,Female,19558,0,4572,0,0,53,4717,69671
13964,2,0,0,3,3,4,Female,10006,0,26635,0,3895,0,2151,21240
13984,1,0,0,2,3,3,Female,2377,0,0,0,4220,10411,1096,130151
13984,2,0,0,2,3,3,Female,2581,0,0,0,4570,5950,397,153315
13985,1,0,0,2,3,4,Male,6079,0,0,0,0,0,2414,29087
13985,2,0,0,2,3,4,Male,11365,0,0,0,63,0,4694,31672
1401,1,0,0,4,3,4,Male,3642,0,1283,0,0,49,1287,26238
1401,2,0,0,4,3,4,Male,578,0,1115,0,0,0,5927,65542
14020,1,0,0,3,3,4,Male,2061,0,809,0,1053,487,265,7886
14020,2,0,0,3,3,4,Male,944,0,455,0,25215,217,71,28444
14072,1,0,0,2,2,3,Female,16354,0,0,0,2122,10957,2650,42338
14072,2,0,0,2,2,3,Female,29725,0,0,0,0,6606,1642,41519
14076,1,0,0,5,4,2,Female,10265,0,144,0,0,0,1624,18339
14076,2,0,0,5,4,2,Female,5752,0,0,0,0,0,1571,8152
14077,1,0,0,5,4,4,Female,22179,0,0,0,0,0,1337,25992
14077,2,0,0,5,4,4,Female,14800,0,0,0,0,0,883,19438
14080,1,0,0,2,4,3,Male,57060,0,0,0,0,23488,1524,36657
14080,2,0,0,2,4,3,Male,22985,0,0,0,0,40899,25783,77840
14082,1,0,0,4,3,1,Female,1506,0,73,0,0,0,1340,16249
14082,2,0,0,4,3,1,Female,1274,0,100,0,0,4,19217,26812
14083,1,0,0,1,2,1,Female,8589,0,6449,0,1200,13794,2173,28622
14083,2,0,0,1,2,1,Female,28763,0,8387,0,6263,28010,12843,88565
14084,1,0,0,1,3,1,Male,572,0,3526,0,25,0,4756,36084
14084,2,0,0,1,3,1,Male,3623,0,4206,0,698,0,2868,30517
14108,1,0,0,2,2,3,Male,7264,0,276,0,38,4564,691,37552
14108,2,0,0,2,2,3,Male,668,0,46,0,75,613,5573,74684
14110,1,0,0,5,3,2,Male,0,0,0,0,0,0,649,3234
14110,2,0,0,5,3,2,Male,0,0,0,0,2773,0,171,6707
14185,1,1,0,3,3,4,Male,9692,0,7544,0,26394,0,2795,80211
14185,2,1,1,3,3,4,Male,6141,14338,5430,1118,30805,0,1713,58742
14199,1,0,0,4,3,2,Female,123,0,0,0,0,0,4995,25940
14199,2,0,0,4,3,2,Female,8427,0,0,0,0,0,5872,7323
14262,1,0,0,1,4,1,Male,5670,0,4868,0,0,0,2466,44367
14262,2,0,0,1,4,1,Male,5353,0,3652,0,1954,0,1191,13464
14312,1,0,0,1,3,1,Male,24528,0,0,0,0,33757,3463,103964
14312,2,0,0,1,3,1,Male,72521,0,0,0,0,16340,882,66454
14330,1,0,0,1,3,1,Male,2055,0,0,0,10610,0,1202,25704
14330,2,0,0,1,3,1,Male,17622,0,0,0,5154,0,2270,18277
14340,1,0,0,1,4,1,Male,28386,0,9053,0,5805,30,752,48545
14340,2,0,0,1,4,1,Male,46243,0,24422,0,589,0,176,45713
14343,1,0,0,1,4,1,Female,8577,0,846,0,10866,0,4099,180738
14343,2,0,0,1,4,1,Female,1485,0,867,0,10699,153,1256,120943
14358,1,0,0,1,4,1,Female,3668,0,627,0,3746,39,617,29934
14358,2,0,0,1,4,1,Female,1684,0,323,0,7056,3,904,22631
14359,1,0,0,1,4,1,Female,3668,0,627,0,3746,39,617,29934
14359,2,0,0,1,4,1,Female,1684,0,323,0,7056,3,904,22631
14374,1,0,0,1,3,1,Male,3715,0,0,0,21661,10155,2841,57741
14374,2,0,0,1,3,1,Male,2681,0,0,0,31932,8354,906,54101
14392,1,0,0,3,2,4,Female,33798,0,7523,0,106,8,3196,37440
14392,2,0,0,3,2,4,Female,27567,0,3996,0,0,33,7165,36121
14408,1,0,0,4,4,2,Female,4832,0,0,0,196,0,1225,7027
14408,2,0,0,4,4,2,Female,20333,0,379,0,0,59,421,2509
14448,1,0,0,1,4,1,Male,54984,0,286,0,0,64,10041,29090
14448,2,0,0,1,4,1,Male,16091,0,0,0,40,0,15606,46329
1445,1,0,0,3,2,4,Male,2977,0,0,0,0,0,1156,32937
1445,2,0,0,3,2,4,Male,26668,0,0,0,0,0,279,8132
14456,1,0,0,3,3,4,Female,3358,0,1353,0,0,1587,3175,29022
14456,2,0,0,3,3,4,Female,1253,0,2176,0,0,30,11304,33390
14475,1,0,0,3,2,4,Female,15280,0,0,0,267,1537,1398,9475
14475,2,0,0,3,2,4,Female,9437,0,0,0,6,649,1574,29106
14497,1,0,0,2,3,4,Female,13878,0,1858,0,229,374,1156,91885
14497,2,0,0,2,3,4,Female,25213,0,1680,0,0,162,1496,123903
14524,1,0,0,5,3,4,Female,2102,0,0,0,0,0,1998,16177
14524,2,0,0,5,3,4,Female,3129,0,0,0,0,0,35041,43015
14536,1,0,0,4,4,4,Male,5887,0,0,0,0,0,3284,21420
14536,2,0,0,4,4,4,Male,2545,0,0,0,0,0,4718,24877
14557,1,0,0,3,3,4,Male,559,0,0,0,3980,0,777,27904
14557,2,0,0,3,3,4,Male,143,0,0,0,3858,0,356,64680
14596,1,0,0,2,3,4,Female,8093,0,677,0,0,62,966,18786
14596,2,0,0,2,3,4,Female,29870,0,606,0,0,0,2199,9102
14649,1,0,0,5,3,2,Female,1999,0,154,0,0,0,1569,13927
14649,2,0,0,5,3,2,Female,673,0,25,0,251,0,1684,20314
14688,1,0,0,4,3,4,Female,1593,0,316,0,9205,0,3407,16427
14688,2,0,0,4,3,4,Female,1466,0,1373,0,13823,0,5402,37625
14701,1,0,0,5,3,2,Female,2102,0,0,0,0,0,1998,16177
14701,2,0,0,5,3,2,Female,3129,0,0,0,0,0,35041,43015
14714,1,0,0,3,3,4,Female,25841,0,10139,0,0,0,1508,16011
14714,2,0,0,3,3,4,Female,31668,0,6601,0,0,0,16013,27849
14740,1,0,0,4,2,2,Female,3380,0,0,0,1609,0,6844,22207
14740,2,0,0,4,2,2,Female,3482,0,0,0,2062,0,11821,23773
1479,1,1,0,4,4,4,Male,5619,0,223,0,1421,0,5091,48344
1479,2,1,1,4,4,4,Male,5435,133,0,0,1496,0,4432,62819
14811,1,1,0,4,4,2,Female,12600,0,0,0,181,0,4306,19033
14811,2,1,1,4,4,2,Female,21357,372,18,308,1552,0,4384,17703
14830,1,0,0,2,4,4,Female,9834,0,21,0,0,0,3807,16441
14830,2,0,0,2,4,4,Female,8366,0,0,0,0,0,1546,8059
14854,1,0,0,5,3,2,Female,1815,0,0,0,0,0,142,1059
14854,2,0,0,5,3,2,Female,3663,0,0,0,0,0,960,3006
14888,1,0,0,2,3,4,Female,8220,0,0,0,0,74,1814,4973
14888,2,0,0,2,3,4,Female,5065,0,0,0,0,9,1732,13257
14903,1,0,0,1,3,1,Male,24528,0,0,0,0,33757,3463,103964
14903,2,0,0,1,3,1,Male,72521,0,0,0,0,16340,882,66454
14917,1,0,0,1,3,1,Female,4034,0,3989,0,13820,169,1649,35405
14917,2,0,0,1,3,1,Female,2983,0,6320,0,16091,1823,1132,59171
14923,1,0,0,4,3,4,Female,0,0,0,0,0,0,1068,9398
14923,2,0,0,4,3,4,Female,0,0,0,0,60,0,16551,40373
1493,1,0,0,3,4,4,Male,761,0,0,0,0,1100,2161,5465
1493,2,0,0,3,4,4,Male,6212,0,0,0,0,20742,23058,87486
14948,1,0,0,4,4,4,Male,2673,0,909,0,0,0,5251,45318
14948,2,0,0,4,4,4,Male,849,0,0,0,0,0,5747,45242
14987,1,0,0,2,3,3,Female,8903,0,0,0,18046,0,847,29381
14987,2,0,0,2,3,3,Female,12740,0,0,0,11454,0,609,15583
15002,1,0,0,5,3,4,Male,0,0,0,0,4,0,2570,7273
15002,2,0,0,5,3,4,Male,0,0,0,0,0,0,911,3026
15064,1,0,0,1,3,1,Male,1713,0,167,0,0,20258,1201,62496
15064,2,0,0,1,3,1,Male,4714,0,484,0,0,14411,3759,70896
15106,1,0,0,5,2,4,Male,921,0,0,0,0,0,2517,12736
15106,2,0,0,5,2,4,Male,171,0,0,0,0,0,2851,19205
15115,1,0,0,1,3,1,Male,3715,0,0,0,21661,10155,2841,57741
15115,2,0,0,1,3,1,Male,2681,0,0,0,31932,8354,906,54101
15128,1,0,0,1,2,1,Female,7479,0,0,0,10869,1345,790,32760
15128,2,0,0,1,2,1,Female,6507,0,0,0,8485,2607,550,35976
15138,1,0,0,5,2,2,Male,333,0,0,0,0,0,29576,30714
15138,2,0,0,5,2,2,Male,48,0,0,0,0,0,33447,57225
15151,1,0,0,3,2,4,Male,0,0,0,0,0,15255,4835,29366
15151,2,0,0,3,2,4,Male,0,0,0,0,0,10,740,14520
15155,1,0,0,1,2,1,Male,84993,0,0,0,17,4328,7565,27144
15155,2,0,0,1,2,1,Male,30264,0,0,0,0,4605,2920,35698
15178,1,0,0,1,3,1,Male,24528,0,0,0,0,33757,3463,103964
15178,2,0,0,1,3,1,Male,72521,0,0,0,0,16340,882,66454
15182,1,0,0,1,3,1,Female,2827,0,1224,0,1180,0,5525,9462
15182,2,0,0,1,3,1,Female,0,0,0,0,0,0,0,3
15255,1,0,0,3,2,2,Female,1398,0,0,0,0,0,20370,30954
15255,2,0,0,3,2,2,Female,1908,0,12,0,0,0,10714,17636
15259,1,0,0,3,4,2,Female,11511,0,4029,0,0,0,3161,7495
15259,2,0,0,3,4,2,Female,5875,0,3518,0,24,0,726,4832
15291,1,0,0,1,3,1,Male,3715,0,0,0,21661,10155,2841,57741
15291,2,0,0,1,3,1,Male,2681,0,0,0,31932,8354,906,54101
15312,1,0,0,5,2,2,Male,333,0,0,0,0,0,29576,30714
15312,2,0,0,5,2,2,Male,48,0,0,0,0,0,33447,57225
15319,1,0,0,3,2,2,Male,3530,0,59,0,4677,0,663,48970
15319,2,0,0,3,2,2,Male,3119,0,373,632,2869,0,1694,36983
15350,1,0,0,1,3,1,Male,572,0,3526,0,25,0,4756,36084
15350,2,0,0,1,3,1,Male,3623,0,4206,0,698,0,2868,30517
15439,1,0,0,4,1,2,Male,1435,0,0,0,17656,0,2475,37812
15439,2,0,0,4,1,2,Male,3914,0,0,0,205,0,379,8727
1545,1,1,0,3,3,4,Male,9692,0,7544,0,26394,0,2795,80211
1545,2,1,1,3,3,4,Male,6141,14338,5430,1118,30805,0,1713,58742
1546,1,0,0,3,3,4,Male,5020,0,0,0,0,0,27937,72819
1546,2,0,0,3,3,4,Male,4957,0,0,0,0,0,6137,69115
15473,1,0,0,4,3,4,Male,3365,0,69,0,2559,0,3388,76217
15473,2,0,0,4,3,4,Male,2716,0,115,0,969,0,919,110919
15490,1,1,0,3,2,2,Female,17997,0,11031,0,556,0,2010,46645
15490,2,1,1,3,2,2,Female,16070,19982,9388,0,3686,0,1144,14787
15554,1,0,0,2,4,4,Female,49817,0,1289,0,0,0,1471,16237
15554,2,0,0,2,4,4,Female,20414,0,1058,0,0,0,1047,16456
15610,1,0,0,5,3,4,Female,23086,0,0,0,0,4,1472,5002
15610,2,0,0,5,3,4,Female,1056,0,1589,0,0,0,1093,4872
1564,1,0,0,3,2,4,Male,5643,0,0,0,1930,0,2796,23533
1564,2,0,0,3,2,4,Male,0,0,0,0,1247,0,582,67372
15642,1,0,0,3,3,4,Male,512,0,161,0,24583,7,564,36533
15642,2,0,0,3,3,4,Male,787,0,0,0,0,34,1407,6905
15643,1,0,0,2,2,3,Male,47373,0,1579,0,14,5733,876,26458
15643,2,0,0,2,2,3,Male,67196,0,843,0,0,3789,650,17847
15650,1,0,0,5,4,4,Female,22179,0,0,0,0,0,1337,25992
15650,2,0,0,5,4,4,Female,14800,0,0,0,0,0,883,19438
15675,1,0,0,4,4,4,Female,0,0,0,0,0,0,9648,21059
15675,2,0,0,4,4,4,Female,0,0,0,0,0,0,3938,10156
15687,1,0,0,3,4,4,Male,0,0,0,0,904,182,1667,16289
15687,2,0,0,3,4,4,Male,0,0,0,0,4965,7,3592,100799
15703,1,0,0,2,3,2,Female,1172,0,348,0,502,0,3982,69977
15703,2,0,0,2,3,2,Female,4510,0,8641,0,3548,0,33376,47766
15705,1,0,0,3,2,4,Female,3276,0,229,0,1032,17391,2133,36805
15705,2,0,0,3,2,4,Female,4266,0,1233,0,0,19289,3626,49518
15717,1,0,0,2,3,4,Female,31589,0,11440,0,0,4664,1906,52621
15717,2,0,0,2,3,4,Female,13706,0,7325,0,3,1854,1895,53797
15769,1,1,0,2,2,3,Female,78358,0,1826,0,0,3722,3400,27861
15769,2,1,1,2,2,3,Female,88289,47665,2781,420,1154,4584,616,40201
1578,1,0,0,4,3,4,Male,4675,0,0,0,0,0,5007,134507
1578,2,0,0,4,3,4,Male,2611,0,0,0,0,38,2471,100446
15787,1,0,0,2,2,3,Female,16354,0,0,0,2122,10957,2650,42338
15787,2,0,0,2,2,3,Female,29725,0,0,0,0,6606,1642,41519
15796,1,0,0,3,2,4,Male,12095,0,391,0,0,0,459,77229
15796,2,0,0,3,2,4,Male,10933,0,87,0,73,3095,878,43580
15808,1,0,0,2,2,3,Male,18315,0,95,0,23446,3719,1074,72247
15808,2,0,0,2,2,3,Male,12906,0,134,157,36577,3009,406,62101
15834,1,0,0,4,4,2,Female,24282,0,77,0,233,0,5527,33285
15834,2,0,0,4,4,2,Female,5691,0,120,0,0,34,6185,39458
15916,1,0,0,2,3,4,Female,49225,0,3162,0,0,0,21853,36035
15916,2,0,0,2,3,4,Female,48685,0,9294,0,0,0,1512,14307
15922,1,0,0,2,4,4,Male,1740,0,713,0,0,806,1800,69525
15922,2,0,0,2,4,4,Male,7919,0,1202,0,0,837,2152,52168
15945,1,0,0,3,3,4,Male,3120,0,0,0,201,0,688,3033
15945,2,0,0,3,3,4,Male,3521,0,0,0,141,0,1640,16430
15957,1,0,0,3,3,4,Male,2908,0,3658,0,0,439,3616,23496
15957,2,0,0,3,3,4,Male,4499,0,3496,0,0,706,9132,44612
15996,1,0,0,3,3,4,Male,12072,0,0,0,433,0,1165,37754
15996,2,0,0,3,3,4,Male,8876,0,0,0,0,0,3463,49954
16015,1,0,0,1,3,1,Male,1713,0,167,0,0,20258,1201,62496
16015,2,0,0,1,3,1,Male,4714,0,484,0,0,14411,3759,70896
16017,1,0,0,3,3,4,Male,4612,0,0,0,0,15,34568,41630
16017,2,0,0,3,3,4,Male,7695,0,0,0,0,2879,829,7472
16022,1,0,0,2,2,4,Male,31393,0,1701,0,4945,308,1578,20321
16022,2,0,0,2,2,4,Male,18469,0,6314,0,695,677,3357,36582
16076,1,1,0,3,3,4,Female,15718,0,6384,0,34749,2594,4957,69832
16076,2,1,1,3,3,4,Female,13036,10,3707,0,23959,815,2570,82581
16085,1,0,0,3,4,4,Female,2122,0,2803,0,377,8343,6319,40328
16085,2,0,0,3,4,4,Female,2384,0,1520,0,0,5674,8976,52822
16092,1,0,0,4,3,4,Male,0,0,0,0,0,4483,3427,71692
16092,2,0,0,4,3,4,Male,0,0,0,0,0,1728,6579,98486
16105,1,0,0,4,3,4,Male,1735,0,3196,0,0,0,2437,179511
16105,2,0,0,4,3,4,Male,1795,0,2228,0,0,0,2207,159568
16145,1,0,0,1,1,2,Female,25883,0,0,0,0,0,530,40648
16145,2,0,0,1,1,2,Female,19568,0,0,0,931,221,398,14667
16152,1,0,0,4,4,4,Male,0,0,0,0,150,0,5080,10971
16152,2,0,0,4,4,4,Male,787,0,12,0,1146,0,7515,15493
16163,1,0,0,3,4,4,Female,17636,0,8667,0,308,2118,1676,10594
16163,2,0,0,3,4,4,Female,14161,0,7560,0,406,1009,910,11831
16168,1,0,0,3,4,4,Female,5875,0,7978,0,0,27,2304,7521
16168,2,0,0,3,4,4,Female,10297,0,10775,0,0,253,3364,15655
16295,1,0,0,1,3,1,Male,24528,0,0,0,0,33757,3463,103964
16295,2,0,0,1,3,1,Male,72521,0,0,0,0,16340,882,66454
16318,1,0,0,4,3,4,Male,2824,0,78,0,0,0,18146,26224
16318,2,0,0,4,3,4,Male,1885,0,7,0,0,0,2536,8737
16349,1,0,0,4,4,4,Female,6595,0,0,0,0,0,9853,151817
16349,2,0,0,4,4,4,Female,21799,0,0,0,0,0,8324,169300
16360,1,0,0,2,3,3,Male,4073,0,734,0,3123,6,617,4842
16360,2,0,0,2,3,3,Male,3877,0,837,0,0,0,908,2684
16364,1,0,0,2,4,3,Female,15961,0,0,0,0,0,1921,12682
16364,2,0,0,2,4,3,Female,44857,0,0,0,0,0,11827,20405
16383,1,0,0,2,2,3,Male,18623,0,118,0,0,6861,1100,44578
16383,2,0,0,2,2,3,Male,27163,0,254,0,922,9266,353,58062
16462,1,0,0,1,1,1,Male,96780,0,446,0,4560,24663,350,196464
16462,2,0,0,1,1,1,Male,128577,0,350,0,5670,36430,10720,165599
16473,1,0,0,5,4,2,Male,30,0,0,0,107,0,50,471
16473,2,0,0,5,4,2,Male,106,0,0,0,120,0,36,11204
16509,1,0,0,5,3,4,Female,1599,0,51945,0,0,35318,2087,89252
16509,2,0,0,5,3,4,Female,2720,0,34012,0,12,28419,3211,53641
16548,1,0,0,1,3,1,Male,1713,0,167,0,0,20258,1201,62496
16548,2,0,0,1,3,1,Male,4714,0,484,0,0,14411,3759,70896
16562,1,0,0,1,3,1,Male,3715,0,0,0,21661,10155,2841,57741
16562,2,0,0,1,3,1,Male,2681,0,0,0,31932,8354,906,54101
16582,1,0,0,5,4,4,Male,3610,0,0,0,0,0,5376,14931
16582,2,0,0,5,4,4,Male,3895,0,725,0,0,0,4055,13869
16594,1,0,0,2,4,4,Female,22931,0,0,0,15,4,2615,12931
16594,2,0,0,2,4,4,Female,13976,0,0,0,0,0,3009,14608
166,1,0,0,4,4,4,Male,2520,0,0,0,0,0,8133,64722
166,2,0,0,4,4,4,Male,3393,0,0,0,225,22,4490,41620
16615,1,0,0,3,4,4,Male,15431,0,0,0,0,2389,37343,60379
16615,2,0,0,3,4,4,Male,5708,0,0,0,0,10563,23823,46040
1662,1,0,0,4,3,4,Male,3734,0,0,0,893,4645,7897,70425
1662,2,0,0,4,3,4,Male,9514,0,0,0,2718,4603,8508,91618
16664,1,0,0,3,3,4,Female,6093,0,4212,0,3377,0,4191,19879
16664,2,0,0,3,3,4,Female,4903,0,3925,0,5704,0,2060,24914
16670,1,0,0,2,4,3,Male,23563,0,0,0,0,0,8466,36724
16670,2,0,0,2,4,3,Male,57485,0,0,0,0,1432,5649,18210
1668,1,0,0,5,4,4,Male,12866,0,3415,0,17437,0,8055,40782
1668,2,0,0,5,4,4,Male,10813,0,2544,0,10833,0,2855,39585
1827,1,0,0,4,4,4,Male,17250,0,8091,0,1694,13960,6281,245765
1827,2,0,0,4,4,4,Male,27006,0,3460,0,0,2750,5712,240253
1895,1,0,0,4,4,4,Male,3270,0,0,0,0,1289,4420,58137
1895,2,0,0,4,4,4,Male,10486,0,0,0,0,1443,7273,42430
1906,1,0,0,3,3,4,Male,15619,0,1963,0,0,0,4007,7367
1906,2,0,0,3,3,4,Male,3954,0,7149,0,0,0,2400,8682
1932,1,0,0,2,2,3,Female,19121,0,392,0,0,15687,1280,62404
1932,2,0,0,2,2,3,Female,17586,0,0,0,0,13104,1068,24333
2013,1,0,0,3,3,4,Male,0,0,0,0,0,0,3115,73738
2013,2,0,0,3,3,4,Male,0,0,0,0,0,0,6858,33346
2024,1,0,0,3,3,4,Male,860,0,222,0,26146,6,3116,94059
2024,2,0,0,3,3,4,Male,438,0,0,0,30849,0,2088,78412
2029,1,0,0,4,3,4,Male,761,0,359,0,12510,0,8367,32954
2029,2,0,0,4,3,4,Male,2296,0,288,0,9625,11,3570,37971
2069,1,0,0,3,4,4,Male,571,0,0,0,0,2615,29234,57914
2069,2,0,0,3,4,4,Male,1461,0,0,0,0,3159,4327,35080
2073,1,0,0,3,3,4,Male,0,0,0,0,0,0,155,50125
2073,2,0,0,3,3,4,Male,0,0,0,0,0,0,0,1812
2089,1,1,0,3,3,4,Female,4944,0,175,0,18027,0,6985,104512
2089,2,1,1,3,3,4,Female,3187,138,977,0,15024,0,3180,91932
2106,1,0,0,4,3,2,Male,0,0,0,0,35458,0,1925,56170
2106,2,0,0,4,3,2,Male,0,0,0,0,7896,0,14086,78888
2124,1,0,0,3,2,4,Male,18944,0,1657,0,7570,89,2012,35714
2124,2,0,0,3,2,4,Male,3672,0,1962,0,18613,172,1029,57226
21662,1,0,0,2,2,2,Female,34161,0,4625,0,8555,43515,3257,117791
21662,2,0,0,2,2,2,Female,57974,0,4763,0,10370,23683,1011,65509
21692,1,0,0,3,3,4,Female,6093,0,4212,0,3377,0,4191,19879
21692,2,0,0,3,3,4,Female,4903,0,3925,0,5704,0,2060,24914
21733,1,0,0,1,3,1,Male,132,0,681,0,912,0,107,10207
21733,2,0,0,1,3,1,Male,1723,0,247,0,9897,0,12,115831
21789,1,0,0,1,2,1,Female,6576,0,4397,0,2294,0,1758,8937
21789,2,0,0,1,2,1,Female,2985,0,3139,0,465,0,545,33256
2180,1,0,0,4,3,2,Male,18245,0,254,0,18449,148,2379,29482
2180,2,0,0,4,3,2,Male,41580,0,970,0,107791,0,5811,148853
21812,1,0,0,3,3,4,Female,34685,0,0,0,0,2752,7305,50935
21812,2,0,0,3,3,4,Female,14993,0,0,0,0,8928,4769,43750
21817,1,0,0,2,4,4,Female,14408,0,0,0,204,0,7318,52214
21817,2,0,0,2,4,4,Female,14470,0,0,542,259,0,11596,44755
21868,1,0,0,3,4,4,Female,11511,0,4029,0,0,0,3161,7495
21868,2,0,0,3,4,4,Female,5875,0,3518,0,24,0,726,4832
21949,1,0,0,4,3,4,Male,147,0,0,0,12,0,1048,10878
21949,2,0,0,4,3,4,Male,525,0,0,0,0,0,20165,24893
21978,1,0,0,3,4,4,Female,2543,0,3211,0,0,0,984,29441
21978,2,0,0,3,4,4,Female,3598,0,2956,0,0,0,559,25147
21989,1,0,0,2,2,3,Male,63081,0,0,0,6155,2807,1450,34561
21989,2,0,0,2,2,3,Male,63762,0,0,0,694,6931,2324,46207
21990,1,0,0,2,2,1,Male,12634,0,0,0,0,701,2760,31315
21990,2,0,0,2,2,1,Male,44610,0,0,0,0,157,83,59559
21991,1,0,0,3,4,4,Female,10870,0,0,0,0,0,1020,9802
21991,2,0,0,3,4,4,Female,11956,0,0,0,0,0,587,13532
2200,1,0,0,3,3,4,Male,2691,0,0,0,0,0,723,118548
2200,2,0,0,3,3,4,Male,1408,0,0,0,0,0,579,117724
22009,1,0,0,4,4,4,Male,64,0,0,0,0,0,9893,67663
22009,2,0,0,4,4,4,Male,30,0,0,0,0,0,2127,2814
22013,1,0,0,2,2,4,Female,31087,0,0,0,0,528,1105,22849
22013,2,0,0,2,2,4,Female,28232,0,0,0,1307,4990,1210,32840
2207,1,0,0,3,4,4,Male,6543,0,0,0,6539,0,36017,100255
2207,2,0,0,3,4,4,Male,7955,0,0,0,19585,0,11744,77995
22082,1,0,0,2,3,4,Female,5306,0,0,0,0,561,223,12340
22082,2,0,0,2,3,4,Female,17191,0,107,0,0,1521,1173,32011
22150,1,1,0,2,2,4,Female,9798,0,11464,0,13921,0,3978,26084
22150,2,1,1,2,2,4,Female,12948,18643,3636,709,20417,521,1503,47291
22155,1,0,0,3,3,3,Female,7667,0,2806,0,10254,0,1542,34243
22155,2,0,0,3,3,3,Female,3555,0,1829,0,32231,0,3967,92638
22262,1,0,0,4,4,2,Male,10749,0,8,0,1675,641,9951,61440
22262,2,0,0,4,4,2,Male,8427,0,12,0,0,43,2740,55411
22283,1,0,0,3,4,4,Female,1532,0,0,0,25164,0,1357,27902
22283,2,0,0,3,4,4,Female,1100,0,0,0,8320,0,437,9658
22379,1,0,0,2,3,4,Male,2382,0,0,0,0,0,24646,28578
22379,2,0,0,2,3,4,Male,640,0,0,0,0,0,6820,15220
22382,1,0,0,1,3,1,Female,36178,0,0,0,61,0,14963,72498
22382,2,0,0,1,3,1,Female,53775,0,0,0,0,0,11767,81750
22403,1,0,0,1,1,1,Female,136533,0,30082,0,0,9295,707,16246
22403,2,0,0,1,1,1,Female,161971,0,20011,0,0,6453,319,20191
22420,1,0,0,5,4,4,Male,15680,0,1161,0,4778,858,25264,40362
22420,2,0,0,5,4,4,Male,32730,0,0,0,329,67,44798,50735
22427,1,0,0,3,2,4,Male,3043,0,1579,0,0,151,407,15196
22427,2,0,0,3,2,4,Male,4792,0,972,0,0,3,1489,6344
22439,1,0,0,3,2,4,Male,9283,0,0,0,50800,0,1553,63660
22439,2,0,0,3,2,4,Male,11126,0,0,0,32006,0,3320,50382
22457,1,0,0,2,3,3,Male,710,0,0,0,8402,4,218,65415
22457,2,0,0,2,3,3,Male,731,0,0,0,3513,0,370,60193
22482,1,0,0,1,4,1,Male,28386,0,9053,0,5805,30,752,48545
22482,2,0,0,1,4,1,Male,46243,0,24422,0,589,0,176,45713
22518,1,0,0,3,2,4,Female,6490,0,0,0,0,0,1985,22697
22518,2,0,0,3,2,4,Female,8732,0,0,0,0,0,2260,19347
22536,1,0,0,3,2,4,Male,4295,0,1853,0,3589,4,1860,46356
22536,2,0,0,3,2,4,Male,3628,0,1892,0,2343,0,2491,41338
22645,1,1,0,2,2,4,Female,43284,0,1086,0,71578,17158,156,140681
22645,2,1,1,2,2,4,Female,31441,13634,3433,18872,33614,16118,281,105200
22670,1,0,0,4,4,4,Female,1895,0,190,0,85,0,2614,11660
22670,2,0,0,4,4,4,Female,3976,0,67,0,1126,0,2268,12081
2269,1,0,0,3,4,4,Male,0,0,0,0,34479,0,3136,62373
2269,2,0,0,3,4,4,Male,0,0,0,0,45598,0,726,84795
22704,1,0,0,2,3,3,Male,18315,0,95,0,23446,3719,1074,72247
22704,2,0,0,2,3,3,Male,12906,0,134,157,36577,3009,406,62101
22717,1,1,0,3,3,4,Female,15718,0,6384,0,34749,2594,4957,69832
22717,2,1,1,3,3,4,Female,13036,10,3707,0,23959,815,2570,82581
2273,1,0,0,3,2,4,Male,1504,0,664,0,10008,0,924,30572
2273,2,0,0,3,2,4,Male,2967,0,997,0,7869,0,1842,23272
22731,1,1,0,3,3,4,Female,4944,0,175,0,18027,0,6985,104512
22731,2,1,1,3,3,4,Female,3187,138,977,0,15024,0,3180,91932
22750,1,0,0,4,3,4,Female,0,0,0,0,0,4589,25982,74630
22750,2,0,0,4,3,4,Female,0,0,0,0,78,934,12371,82771
22764,1,0,0,3,2,4,Female,12917,0,0,0,0,0,1555,51203
22764,2,0,0,3,2,4,Female,13228,0,0,0,0,0,2356,62602
22786,1,0,0,2,3,4,Female,31589,0,11440,0,0,4664,1906,52621
22786,2,0,0,2,3,4,Female,13706,0,7325,0,3,1854,1895,53797
22887,1,0,0,2,4,4,Female,34373,0,2806,0,18891,0,22837,77006
22887,2,0,0,2,4,4,Female,17221,0,2538,0,9379,0,11839,49326
22909,1,0,0,3,4,4,Female,13212,0,0,0,0,91,981,43945
22909,2,0,0,3,4,4,Female,21232,0,0,0,0,0,1008,39583
22972,1,0,0,3,1,4,Female,3786,0,4681,0,0,0,1066,20187
22972,2,0,0,3,1,4,Female,10137,0,6110,0,0,0,808,30559
22983,1,0,0,3,3,4,Male,4114,0,0,0,0,78,5718,69038
22983,2,0,0,3,3,4,Male,1107,0,0,0,0,0,4365,68257
23047,1,0,0,4,3,4,Female,528,0,211,0,0,618,120,857
23047,2,0,0,4,3,4,Female,5901,0,2566,0,0,9875,11036,30045
23070,1,0,0,1,3,1,Male,572,0,3526,0,25,0,4756,36084
23070,2,0,0,1,3,1,Male,3623,0,4206,0,698,0,2868,30517
23073,1,0,0,4,3,4,Female,2782,0,2093,0,16973,3436,4205,141759
23073,2,0,0,4,3,4,Female,4431,0,1581,0,7174,8644,4126,170244
23078,1,0,0,4,2,2,Female,0,0,0,0,0,0,8240,14538
23078,2,0,0,4,2,2,Female,0,0,0,0,0,0,7663,19196
23079,1,0,0,3,2,4,Female,0,0,0,0,0,4,1066,3112
23079,2,0,0,3,2,4,Female,0,0,0,0,0,0,2674,3265
23080,1,0,0,4,2,4,Male,9444,0,6,0,0,0,824,11092
23080,2,0,0,4,2,4,Male,7580,0,3,0,0,0,1531,30650
23085,1,0,0,4,3,4,Female,16060,0,0,0,0,0,3567,7398
23085,2,0,0,4,3,4,Female,13955,0,0,0,0,0,6725,24095
23117,1,0,0,1,3,1,Male,12889,0,18594,0,971,0,10042,112504
23117,2,0,0,1,3,1,Male,1689,0,2864,352,183,0,6102,142231
23119,1,0,0,4,3,4,Female,760,0,0,0,0,18,28400,40786
23119,2,0,0,4,3,4,Female,0,0,0,0,0,55,8706,11196
23121,1,0,0,4,3,4,Male,0,0,0,0,0,0,15684,41237
23121,2,0,0,4,3,4,Male,0,0,0,0,0,0,10729,28000
23128,1,0,0,4,3,4,Female,5253,0,6717,0,7300,0,2210,51840
23128,2,0,0,4,3,4,Female,7963,0,12978,0,16328,15,1895,27754
23150,1,0,0,1,3,1,Male,5073,0,1399,0,9652,0,4759,30066
23150,2,0,0,1,3,1,Male,4355,0,2806,0,275,0,1800,13114
23178,1,0,0,3,2,2,Female,1398,0,0,0,0,0,20370,30954
23178,2,0,0,3,2,2,Female,1908,0,12,0,0,0,10714,17636
23197,1,0,0,4,3,4,Female,4371,0,0,0,5668,0,5087,53163
23197,2,0,0,4,3,4,Female,5126,0,0,0,3324,0,5713,36096
23203,1,0,0,2,3,4,Female,845,0,0,0,0,0,2558,9540
23203,2,0,0,2,3,4,Female,3200,0,0,0,20766,0,4234,47761
23211,1,0,0,3,4,4,Male,4560,0,0,0,25325,3985,3050,52017
23211,2,0,0,3,4,4,Male,3928,0,0,0,10527,1960,895,33253
23214,1,0,0,3,2,4,Female,3466,0,0,0,0,5,8459,13542
23214,2,0,0,3,2,4,Female,3459,0,0,0,0,4,8324,22123
23237,1,0,0,4,3,2,Female,123,0,0,0,0,0,4995,25940
23237,2,0,0,4,3,2,Female,8427,0,0,0,0,0,5872,7323
23242,1,0,0,2,2,3,Male,4828,0,0,0,0,0,0,3093
23242,2,0,0,2,2,3,Male,875,0,0,0,0,0,0,11479
2326,1,0,0,3,4,4,Male,0,0,0,0,1229,0,4049,18092
2326,2,0,0,3,4,4,Male,0,0,0,0,0,0,771,4141
23277,1,0,0,4,2,2,Female,1030,0,120,0,0,9,4608,10152
23277,2,0,0,4,2,2,Female,337,0,60,0,1593,0,3801,9762
23335,1,0,0,3,3,4,Male,8078,0,0,0,60,205,4494,132107
23335,2,0,0,3,3,4,Male,4832,0,72,0,238,0,930,138220
23396,1,0,0,3,3,4,Female,1396,0,0,0,0,0,6083,15472
23396,2,0,0,3,3,4,Female,2163,0,0,0,0,0,5534,10156
23444,1,0,0,2,2,3,Male,31909,0,0,0,1691,2131,1599,103172
23444,2,0,0,2,2,3,Male,24925,0,423,0,512,3943,1357,36639
23452,1,0,0,3,2,4,Female,52137,0,4236,0,16635,0,3761,30892
23452,2,0,0,3,2,4,Female,24932,0,11052,0,29815,0,23687,71050
23456,1,0,0,5,2,2,Male,333,0,0,0,0,0,29576,30714
23456,2,0,0,5,2,2,Male,48,0,0,0,0,0,33447,57225
23464,1,0,0,3,4,4,Male,459,0,732,0,2164,12,1036,14006
23464,2,0,0,3,4,4,Male,3052,0,15,0,0,0,1754,8310
23507,1,0,0,3,4,4,Male,23675,0,37,0,14724,53,3258,40469
23507,2,0,0,3,4,4,Male,37040,0,13,880,10727,20,7141,55099
23519,1,1,0,3,2,2,Female,17997,0,11031,0,556,0,2010,46645
23519,2,1,1,3,2,2,Female,16070,19982,9388,0,3686,0,1144,14787
23533,1,0,0,2,4,4,Male,13619,0,0,0,8985,1195,393,35402
23533,2,0,0,2,4,4,Male,15394,0,0,0,1743,5676,430,63358
23570,1,0,0,2,2,4,Male,8895,0,437,0,0,0,919,2167
23570,2,0,0,2,2,4,Male,10398,0,903,0,431,0,1149,3554
23585,1,0,0,5,3,2,Female,2102,0,0,0,0,0,1998,16177
23585,2,0,0,5,3,2,Female,3129,0,0,0,0,0,35041,43015
23610,1,0,0,3,2,4,Female,5416,0,6245,0,1600,12,1568,16957
23610,2,0,0,3,2,4,Female,96,0,1116,0,2957,0,12,4311
23647,1,0,0,3,2,3,Male,10142,0,0,0,0,0,227,6894
23647,2,0,0,3,2,3,Male,7808,0,0,0,0,0,47,10297
23741,1,0,0,1,3,1,Male,0,0,0,0,846,0,0,846
23741,2,0,0,1,3,1,Male,0,0,0,0,0,0,38,2022
23751,1,0,0,1,4,1,Female,3668,0,627,0,3746,39,617,29934
23751,2,0,0,1,4,1,Female,1684,0,323,0,7056,3,904,22631
23770,1,0,0,5,3,4,Male,3216,0,404,0,0,100,1845,76244
23770,2,0,0,5,3,4,Male,91,0,0,0,0,146,227,5955
23772,1,0,0,4,3,2,Female,4822,0,212,0,0,0,4249,72129
23772,2,0,0,4,3,2,Female,8490,0,372,0,0,0,23474,51542
238,1,0,0,5,4,4,Male,2150,0,0,0,57,379,5406,36887
238,2,0,0,5,4,4,Male,1073,0,0,0,415,102,1315,32648
2380,1,0,0,4,3,4,Male,18245,0,254,0,18449,148,2379,29482
2380,2,0,0,4,3,4,Male,41580,0,970,0,107791,0,5811,148853
2385,1,0,0,3,3,4,Male,0,0,0,0,8051,0,794,10788
2385,2,0,0,3,3,4,Male,0,0,0,0,18102,0,312,20828
23928,1,0,0,1,2,1,Male,9,0,4,0,2705,0,104,4250
23928,2,0,0,1,2,1,Male,0,0,0,0,0,0,329,69785
23937,1,0,0,3,4,4,Male,0,0,0,0,15910,0,647,20794
23937,2,0,0,3,4,4,Male,0,0,0,0,7933,0,1371,20376
23942,1,0,0,1,4,1,Female,4034,0,3989,0,13820,169,1649,35405
23942,2,0,0,1,4,1,Female,2983,0,6320,0,16091,1823,1132,59171
23948,1,0,0,1,3,1,Male,12889,0,18594,0,971,0,10042,112504
23948,2,0,0,1,3,1,Male,1689,0,2864,352,183,0,6102,142231
23954,1,0,0,3,4,4,Female,607,0,0,0,0,0,0,1467
23954,2,0,0,3,4,4,Female,3652,0,1824,0,2865,4293,954,15776
23978,1,0,0,3,2,4,Male,5262,0,0,0,657,6,8590,139946
23978,2,0,0,3,2,4,Male,1664,0,0,0,616,0,6481,109934
23986,1,0,0,4,3,2,Female,605,0,85,0,12592,336,49,16683
23986,2,0,0,4,3,2,Female,2644,0,865,0,19741,11162,1945,44939
24006,1,0,0,3,2,2,Female,5150,0,0,0,2175,19,2831,27880
24006,2,0,0,3,2,2,Female,11788,0,0,0,7973,0,1833,20983
24068,1,0,0,1,4,1,Male,28386,0,9053,0,5805,30,752,48545
24068,2,0,0,1,4,1,Male,46243,0,24422,0,589,0,176,45713
24092,1,0,0,2,4,4,Female,14680,0,864,0,0,0,374,2583
24092,2,0,0,2,4,4,Female,11726,0,1550,0,0,0,297,1384
24125,1,1,0,3,3,4,Female,2040,0,0,0,13060,0,3651,70716
24125,2,1,1,3,3,4,Female,21632,20909,0,0,1608,0,2599,42098
24138,1,0,0,2,3,4,Female,1175,0,423,0,0,0,139,700
24138,2,0,0,2,3,4,Female,9554,0,2921,0,0,0,17979,20213
24160,1,0,0,1,4,1,Female,23405,0,2840,0,0,3983,940,86989
24160,2,0,0,1,4,1,Female,56908,0,2475,220,0,3140,1384,72501
24189,1,1,0,2,4,4,Female,60594,0,2142,0,0,0,5664,22293
24189,2,1,1,2,4,4,Female,52465,409,4149,0,0,0,15066,20678
24195,1,0,0,4,3,4,Male,3615,0,8308,0,15247,0,197,65244
24195,2,0,0,4,3,4,Male,5483,0,18769,0,25033,0,370,45879
24196,1,0,0,3,3,4,Female,1875,0,5245,0,632,0,3925,10452
24196,2,0,0,3,3,4,Female,4300,0,5994,0,103,0,1329,8831
24211,1,1,0,2,2,3,Female,78358,0,1826,0,0,3722,3400,27861
24211,2,1,1,2,2,3,Female,88289,47665,2781,420,1154,4584,616,40201
24219,1,0,0,4,3,4,Female,13511,0,795,0,0,0,15851,21298
24219,2,0,0,4,3,4,Female,1512,0,231,0,0,0,2130,6282
24253,1,0,0,2,3,4,Female,4128,0,0,0,0,0,12783,63819
24253,2,0,0,2,3,4,Female,0,0,0,0,0,0,1175,2302
24275,1,1,0,3,4,4,Female,19543,0,1015,0,0,2634,857,8803
24275,2,1,1,3,4,4,Female,80772,25351,15937,3204,0,3459,4328,37415
24279,1,1,0,2,2,2,Female,23499,0,0,0,0,108,24020,41077
24279,2,1,1,2,2,2,Female,35890,209,7556,520,0,4378,11550,39647
24295,1,0,0,2,2,4,Female,9989,0,0,0,0,4496,876,91586
24295,2,0,0,2,2,4,Female,5383,0,0,0,0,4544,667,74724
24310,1,0,0,3,2,4,Female,8036,0,12370,0,0,0,2536,17338
24310,2,0,0,3,2,4,Female,8016,0,17768,0,0,0,3694,39678
24344,1,0,0,2,4,3,Male,4213,0,5317,0,0,6152,3286,22084
24344,2,0,0,2,4,3,Male,4283,0,5268,0,0,5292,999,27785
2435,1,0,0,3,4,4,Female,2714,0,0,0,63422,0,3932,76859
2435,2,0,0,3,4,4,Female,1656,0,0,0,68134,0,2260,91705
24371,1,0,0,3,4,4,Male,6698,0,1917,0,4,0,2025,24471
24371,2,0,0,3,4,4,Male,17246,0,5073,91,0,0,4991,93350
24379,1,1,0,2,3,4,Female,2776,0,3297,0,123,0,3068,22841
24379,2,1,1,2,3,4,Female,5062,1025,873,249,1400,0,4411,36247
2439,1,0,0,3,3,4,Female,1793,0,0,0,0,0,2749,5503
2439,2,0,0,3,3,4,Female,105,0,0,0,0,10,1889,6793
24390,1,0,0,2,3,4,Female,9797,0,0,0,21,429,3099,13959
24390,2,0,0,2,3,4,Female,16785,0,0,0,111,492,4130,32194
24411,1,0,0,2,4,4,Male,7863,0,0,0,0,79,250,3477
24411,2,0,0,2,4,4,Male,18147,0,0,0,0,2193,1791,5511
24435,1,0,0,3,2,3,Male,1559,0,0,0,0,0,8550,11014
24435,2,0,0,3,2,3,Male,672,0,0,0,0,0,6703,9422
24439,1,0,0,4,4,4,Female,1010,0,13,0,7098,0,3675,41532
24439,2,0,0,4,4,4,Female,151,0,10,0,227,0,9056,48175
24468,1,0,0,3,2,4,Male,91654,0,0,0,0,0,3677,9693
24468,2,0,0,3,2,4,Male,59789,0,0,0,10,0,1812,23416
24493,1,0,0,5,3,2,Male,0,0,0,0,0,0,0,22892
24493,2,0,0,5,3,2,Male,29,0,0,0,0,0,30,180
24496,1,0,0,3,3,4,Female,2931,0,0,0,5736,0,2016,47891
24496,2,0,0,3,3,4,Female,3333,0,0,0,7031,124,2738,68341
24520,1,0,0,2,4,4,Female,24337,0,9451,0,0,31072,6129,51492
24520,2,0,0,2,4,4,Female,53630,0,23742,0,0,34854,11894,100417
24565,1,0,0,3,4,4,Male,2317,0,0,0,1448,2768,3558,12383
24565,2,0,0,3,4,4,Male,3429,0,0,0,278,4008,3018,13174
24590,1,0,0,1,2,1,Male,65,0,0,0,0,1697,374,20986
24590,2,0,0,1,2,1,Male,16,0,0,0,0,331,1494,4334
24679,1,1,0,3,4,4,Female,6348,0,2479,0,7302,0,3042,33977
24679,2,1,1,3,4,4,Female,7038,30130,2370,279,5125,0,3216,27346
24691,1,0,0,2,3,4,Female,40137,0,0,0,3695,1873,5071,27013
24691,2,0,0,2,3,4,Female,11829,0,0,0,0,1395,2225,15734
24707,1,0,0,3,2,4,Female,15339,0,0,0,9,0,25244,137585
24707,2,0,0,3,2,4,Female,4495,0,0,0,2167,10,31104,121802
24734,1,0,0,3,4,4,Male,12497,0,0,0,0,0,2431,4049
24734,2,0,0,3,4,4,Male,11436,0,0,0,0,0,4796,6455
24790,1,0,0,4,3,4,Male,2673,0,909,0,0,0,5251,45318
24790,2,0,0,4,3,4,Male,849,0,0,0,0,0,5747,45242
24834,1,0,0,5,3,2,Female,5429,0,39,0,14455,6531,2996,42366
24834,2,0,0,5,3,2,Female,5463,0,9,0,2739,4607,2963,28044
24851,1,0,0,3,4,4,Female,18465,0,4045,0,34188,0,6510,81490
24851,2,0,0,3,4,4,Female,8487,0,564,0,43944,0,4014,74818
24854,1,0,0,1,4,1,Female,8577,0,846,0,10866,0,4099,180738
24854,2,0,0,1,4,1,Female,1485,0,867,0,10699,153,1256,120943
2486,1,0,0,3,4,4,Male,4354,0,466,0,0,932,2094,10409
2486,2,0,0,3,4,4,Male,5923,0,284,0,0,824,6173,27967
24889,1,0,0,2,2,3,Male,32483,0,989,0,0,1422,1316,22325
24889,2,0,0,2,2,3,Male,30117,0,934,0,0,1127,1750,31800
24907,1,0,0,3,3,4,Male,12771,0,0,0,316,0,2367,33334
24907,2,0,0,3,3,4,Male,14837,0,0,0,0,0,2889,21604
24981,1,0,0,2,4,4,Female,11554,0,0,0,0,0,3889,8996
24981,2,0,0,2,4,4,Female,16719,0,0,0,0,6,2590,7347
25022,1,0,0,4,4,4,Male,2796,0,444,0,0,1707,16302,51137
25022,2,0,0,4,4,4,Male,4838,0,36,0,0,172,17847,43053
25063,1,0,0,3,4,4,Male,16000,0,0,0,6898,60,5363,40037
25063,2,0,0,3,4,4,Male,20151,0,0,0,532,0,1907,8799
25089,1,0,0,3,3,4,Female,1793,0,0,0,0,0,2749,5503
25089,2,0,0,3,3,4,Female,105,0,0,0,0,10,1889,6793
25101,1,0,0,3,3,4,Male,3712,0,0,0,0,0,4224,13862
25101,2,0,0,3,3,4,Male,2701,0,0,0,0,0,702,13486
25123,1,0,0,2,3,2,Female,1051,0,0,0,385,1587,2183,16204
25123,2,0,0,2,3,2,Female,9668,0,0,0,0,1768,6855,25841
2514,1,0,0,4,2,4,Male,0,0,0,0,0,0,6935,22239
2514,2,0,0,4,2,4,Male,0,0,0,0,10,0,4883,36056
2518,1,0,0,4,4,4,Female,17254,0,2919,0,22793,0,12539,47546
2518,2,0,0,4,4,4,Female,14480,0,2069,0,19916,0,6822,35855
25197,1,0,0,2,3,3,Female,20221,0,199,0,0,8427,1354,30730
25197,2,0,0,2,3,3,Female,48153,0,475,0,0,20159,2056,73091
2520,1,0,0,5,3,4,Male,1656,0,0,0,0,2433,2268,43362
2520,2,0,0,5,3,4,Male,314,0,0,0,0,2286,6151,63144
25205,1,0,0,4,4,4,Male,160,0,0,0,0,0,427,42566
25205,2,0,0,4,4,4,Male,123,0,0,0,0,66,573,3361
25236,1,0,0,2,2,4,Female,49089,0,645,0,166,19,1598,25678
25236,2,0,0,2,2,4,Female,55037,0,906,0,0,5777,5124,36151
25239,1,0,0,3,3,4,Female,2841,0,1625,0,0,0,1352,10900
25239,2,0,0,3,3,4,Female,7664,0,1550,0,0,0,718,4915
25243,1,0,0,2,2,4,Female,28492,0,2342,0,0,4178,4659,32465
25243,2,0,0,2,2,4,Female,31517,0,6102,0,0,293,3711,46860
25309,1,0,0,3,2,4,Female,3535,0,0,0,20598,0,4125,52022
25309,2,0,0,3,2,4,Female,7754,0,0,0,22208,13,3202,49016
25311,1,0,0,3,4,4,Female,1888,0,0,0,0,0,6573,54471
25311,2,0,0,3,4,4,Female,963,0,0,0,0,0,2230,31118
25338,1,1,0,3,3,4,Female,4944,0,175,0,18027,0,6985,104512
25338,2,1,1,3,3,4,Female,3187,138,977,0,15024,0,3180,91932
25382,1,0,0,2,2,4,Male,21857,0,0,0,727,0,3437,11728
25382,2,0,0,2,2,4,Male,25863,0,0,2098,0,0,1584,5834
25385,1,0,0,1,2,1,Female,13995,0,814,0,0,805,689,39322
25385,2,0,0,1,2,1,Female,2150,0,706,0,0,574,654,74100
25395,1,0,0,1,4,1,Female,36178,0,0,0,61,0,14963,72498
25395,2,0,0,1,4,1,Female,53775,0,0,0,0,0,11767,81750
25428,1,1,0,3,2,2,Male,19634,0,11467,0,43451,0,1209,115236
25428,2,1,1,3,2,2,Male,10940,429,16047,0,27031,0,1029,89383
25432,1,0,0,3,4,4,Male,850,0,698,0,1261,19,1070,92751
25432,2,0,0,3,4,4,Male,4955,0,678,0,991,0,311,82224
25453,1,1,0,2,3,3,Female,5232,0,0,0,0,0,521,4480
25453,2,1,1,2,3,3,Female,20808,249,0,0,0,0,1153,2552
25462,1,0,0,3,3,2,Female,32831,0,10002,0,1469,0,3189,53715
25462,2,0,0,3,3,2,Female,38468,0,5556,0,913,0,3106,45137
25472,1,0,0,2,2,4,Male,36499,0,102,0,35665,4848,325,59007
25472,2,0,0,2,2,4,Male,38656,0,0,0,0,2252,517,18793
25492,1,0,0,3,2,4,Male,590,0,0,0,0,33,1839,13195
25492,2,0,0,3,2,4,Male,721,0,0,0,0,17,1159,8195
25517,1,0,0,4,3,4,Female,2287,0,0,0,0,10150,1501,37026
25517,2,0,0,4,3,4,Female,1080,0,0,0,0,8607,1776,54036
25530,1,0,0,4,3,4,Male,3912,0,113,0,15923,22,373,66651
25530,2,0,0,4,3,4,Male,187,0,268,36,10845,4612,884,27204
25549,1,0,0,2,4,4,Male,21378,0,0,0,28521,2665,2107,74464
25549,2,0,0,2,4,4,Male,30875,0,0,0,15792,2697,2538,71708
25552,1,1,0,2,3,3,Female,32180,0,1180,0,11987,15278,1076,151775
25552,2,1,1,2,3,3,Female,28138,1125,1024,11310,36,18785,516,142045
25611,1,0,0,4,3,4,Female,13511,0,795,0,0,0,15851,21298
25611,2,0,0,4,3,4,Female,1512,0,231,0,0,0,2130,6282
25624,1,0,0,3,3,4,Female,240,0,0,0,0,0,417,1244
25624,2,0,0,3,3,4,Female,25875,0,0,0,0,0,2066,14451
25628,1,0,0,1,2,1,Female,6879,0,9133,0,0,122,5985,18816
25628,2,0,0,1,2,1,Female,11444,0,8431,0,109,10355,3321,41415
2578,1,0,0,5,4,4,Male,7038,0,0,0,0,0,3655,57942
2578,2,0,0,5,4,4,Male,17264,0,0,0,0,0,1000,13399
25816,1,0,0,2,2,4,Male,22908,0,1819,0,34179,391,661,72319
25816,2,0,0,2,2,4,Male,11394,0,3765,0,26498,244,1605,48791
25818,1,0,0,4,4,4,Male,17250,0,8091,0,1694,13960,6281,245765
25818,2,0,0,4,4,4,Male,27006,0,3460,0,0,2750,5712,240253
25895,1,0,0,3,3,4,Male,9780,0,747,0,485,0,4811,14875
25895,2,0,0,3,3,4,Male,7251,0,1358,0,1686,0,4551,12083
25951,1,0,0,1,1,1,Male,1077,0,0,0,6923,0,104,16677
25951,2,0,0,1,1,1,Male,1980,0,0,0,22650,7,923,35374
25987,1,0,0,4,4,4,Female,5786,0,0,0,0,27,6647,30067
25987,2,0,0,4,4,4,Female,1824,0,838,0,0,0,8486,15112
26007,1,0,0,2,4,4,Female,5140,0,0,0,10,0,13322,29531
26007,2,0,0,2,4,4,Female,3247,0,0,0,0,0,24316,50052
26020,1,0,0,2,3,3,Male,1125,0,0,0,961,0,3547,23487
26020,2,0,0,2,3,3,Male,1941,0,0,0,0,0,629,32511
26024,1,0,0,3,3,4,Female,3717,0,0,0,6358,7666,6285,28031
26024,2,0,0,3,3,4,Female,3729,0,0,0,1460,15484,11726,34164
26068,1,1,0,3,4,2,Female,7089,0,0,0,433,4,8717,31405
26068,2,1,1,3,4,2,Female,14909,295,348,0,0,0,4985,33499
26098,1,1,0,2,1,3,Female,15228,0,1703,0,5883,3736,511,105501
26098,2,1,1,2,1,3,Female,7031,5017,2076,0,10379,3509,1076,107374
26100,1,0,0,2,2,3,Male,16959,0,0,0,31354,1332,1215,83567
26100,2,0,0,2,2,3,Male,15175,0,4,0,52854,1267,399,114228
2611,1,0,0,5,4,4,Male,4045,0,0,0,2134,1916,7074,35631
2611,2,0,0,5,4,4,Male,1238,0,58,0,0,4617,4262,55977
2620,1,0,0,4,4,4,Male,2586,0,0,0,0,0,3800,35528
2620,2,0,0,4,4,4,Male,304,0,0,0,0,0,5968,23906
26209,1,0,0,2,2,3,Male,38917,0,0,0,30445,3887,7070,58185
26209,2,0,0,2,2,3,Male,45929,0,0,0,16324,4258,7414,54639
26230,1,0,0,2,2,4,Female,21922,0,0,0,0,0,19944,29731
26230,2,0,0,2,2,4,Female,13881,0,0,0,0,0,2566,12535
26236,1,0,0,2,4,3,Female,29188,0,0,0,0,64225,272,87625
26236,2,0,0,2,4,3,Female,30052,0,0,0,0,42099,372,54795
26246,1,0,0,4,4,4,Female,2420,0,0,0,1672,469,34076,64427
26246,2,0,0,4,4,4,Female,2729,0,0,0,32365,40,14907,55732
26286,1,0,0,3,2,4,Female,10789,0,17417,0,148,0,1586,46013
26286,2,0,0,3,2,4,Female,14724,0,44885,0,485,13314,1495,59822
26291,1,0,0,5,2,1,Male,28715,0,938,0,0,277,3606,13881
26291,2,0,0,5,2,1,Male,17851,0,6,0,0,217,1155,5016
26298,1,0,0,2,1,3,Female,17954,0,0,0,0,0,1292,12683
26298,2,0,0,2,1,3,Female,11474,0,0,0,62,0,20987,36652
26300,1,0,0,4,2,4,Female,242,0,0,0,2734,0,1445,8828
26300,2,0,0,4,2,4,Female,139,0,0,0,2461,0,1334,8710
26304,1,0,0,1,1,1,Female,85393,0,5125,0,0,777,2408,57685
26304,2,0,0,1,1,1,Female,45788,0,2207,2572,0,498,9067,24651
26329,1,0,0,1,3,1,Male,572,0,3526,0,25,0,4756,36084
26329,2,0,0,1,3,1,Male,3623,0,4206,0,698,0,2868,30517
26384,1,0,0,4,3,4,Female,9849,0,4160,0,18298,9118,7042,57593
26384,2,0,0,4,3,4,Female,5911,0,3560,0,9355,1550,7793,46245
26455,1,0,0,1,3,1,Male,12889,0,18594,0,971,0,10042,112504
26455,2,0,0,1,3,1,Male,1689,0,2864,352,183,0,6102,142231
2646,1,0,0,5,3,4,Male,1128,0,0,0,32204,0,29673,71089
2646,2,0,0,5,3,4,Male,2280,0,0,0,35418,0,20192,66966
26462,1,0,0,2,4,3,Female,30257,0,10126,0,560,4214,1243,86604
26462,2,0,0,2,4,3,Female,34792,0,4766,0,0,2965,989,100898
26469,1,0,0,3,3,4,Female,6587,0,458,0,3111,0,2917,10583
26469,2,0,0,3,3,4,Female,10501,0,1216,0,8490,0,6809,25355
26470,1,0,0,5,4,2,Male,34,0,0,0,0,830,33,8502
26470,2,0,0,5,4,2,Male,67,0,15,0,0,2611,1022,11866
26511,1,0,0,4,3,4,Female,149,0,0,0,0,0,404,15621
26511,2,0,0,4,3,4,Female,524,0,0,0,3585,271,1834,25097
26512,1,0,0,4,3,4,Male,2972,0,0,0,0,0,14325,53920
26512,2,0,0,4,3,4,Male,9215,0,4,0,0,0,17150,92511
26532,1,0,0,2,2,3,Female,14000,0,0,0,0,5848,556,18282
26532,2,0,0,2,2,3,Female,25891,0,0,0,0,5550,3445,40094
26539,1,0,0,4,3,2,Male,805,0,0,0,0,10,3418,19823
26539,2,0,0,4,3,2,Male,931,0,0,0,0,0,580,4660
26598,1,0,0,4,2,4,Male,108,0,0,0,0,0,19193,55805
26598,2,0,0,4,2,4,Male,79,0,0,0,0,0,1540,23535
26647,1,0,0,1,3,1,Female,65,0,0,0,25130,3,17137,47034
26647,2,0,0,1,3,1,Female,565,0,0,0,11053,0,18,15526
26678,1,0,0,1,1,1,Male,3216,0,5746,0,13081,0,493,40409
26678,2,0,0,1,1,1,Male,6522,0,7238,0,14006,158,197,26692
26695,1,0,0,5,3,4,Female,0,0,0,0,0,617,1678,13691
26695,2,0,0,5,3,4,Female,4,0,0,0,0,5438,8099,37299
26702,1,0,0,2,4,3,Male,2793,0,0,0,0,0,5308,6450
26702,2,0,0,2,4,3,Male,1960,0,0,0,0,0,22140,32819
26757,1,0,0,4,4,2,Female,3957,0,15375,0,0,180,11841,31983
26757,2,0,0,4,4,2,Female,7549,0,10640,0,0,1538,15587,61882
2677,1,0,0,4,4,4,Female,14049,0,3092,0,0,0,5082,14400
2677,2,0,0,4,4,4,Female,3987,0,1095,0,0,0,4115,12532
26772,1,0,0,1,2,1,Female,13995,0,814,0,0,805,689,39322
26772,2,0,0,1,2,1,Female,2150,0,706,0,0,574,654,74100
26843,1,0,0,3,2,4,Female,35415,0,25843,0,3123,347,5491,44827
26843,2,0,0,3,2,4,Female,23894,0,8659,0,1373,1244,1931,32557
26920,1,0,0,3,1,4,Female,3502,0,345,0,4361,0,2252,11817
26920,2,0,0,3,1,4,Female,316,0,0,0,10886,0,2862,20258
26922,1,0,0,3,3,2,Female,15450,0,0,0,0,190,5364,17184
26922,2,0,0,3,3,2,Female,5832,0,0,0,0,0,5558,33432
26949,1,0,0,1,2,1,Female,83621,0,720,0,0,9563,700,22041
26949,2,0,0,1,2,1,Female,22214,0,1582,55,0,6391,1148,14285
26951,1,0,0,3,2,4,Male,1117,0,1560,0,0,134,3038,28461
26951,2,0,0,3,2,4,Male,1147,0,3882,0,0,167,2676,21752
26962,1,0,0,4,3,2,Female,4643,0,380,0,0,0,648,2358
26962,2,0,0,4,3,2,Female,2280,0,970,0,0,0,440,3412
2702,1,0,0,5,4,4,Male,0,0,0,0,0,1177,391,2602
2702,2,0,0,5,4,4,Male,0,0,0,0,0,1107,529,3197
2724,1,0,0,3,4,4,Male,26694,0,0,0,70697,0,1950,130281
2724,2,0,0,3,4,4,Male,26516,0,13,0,72073,0,2181,147207
2744,1,0,0,3,4,4,Male,6192,0,1597,0,0,1072,16325,57195
2744,2,0,0,3,4,4,Male,8838,0,1021,0,0,130,14898,47693
2756,1,0,0,5,3,4,Male,1340,0,305,0,0,7,9472,80893
2756,2,0,0,5,3,4,Male,8952,0,179,0,0,22,10959,118718
2768,1,0,0,5,3,4,Male,2900,0,37,0,0,3228,28963,66876
2768,2,0,0,5,3,4,Male,3735,0,0,0,0,2146,6750,24790
2787,1,0,0,4,3,2,Female,7886,0,739,0,0,6,4800,77425
2787,2,0,0,4,3,2,Female,3783,0,325,0,0,19,2683,25904
2843,1,0,0,4,3,4,Female,12197,0,554,0,0,350,4519,14054
2843,2,0,0,4,3,4,Female,6383,0,308,0,0,0,26668,38758
2863,1,0,0,3,3,4,Female,2354,0,190,0,0,215,28887,65936
2863,2,0,0,3,3,4,Female,3236,0,220,0,0,58,8408,50688
2897,1,0,0,2,2,4,Male,8895,0,437,0,0,0,919,2167
2897,2,0,0,2,2,4,Male,10398,0,903,0,431,0,1149,3554
2905,1,0,0,3,4,4,Female,330,0,0,0,922,0,1045,8598
2905,2,0,0,3,4,4,Female,3960,0,0,0,23627,0,1903,33478
2925,1,0,0,4,3,3,Female,0,0,0,0,184,0,4687,42383
2925,2,0,0,4,3,3,Female,0,0,0,0,0,0,7340,102689
2947,1,0,0,4,4,4,Female,33414,0,3744,0,0,1779,7860,84406
2947,2,0,0,4,4,4,Female,38465,0,2647,0,0,990,13629,44612
2989,1,0,0,3,4,4,Female,19659,0,14619,0,1410,7,2476,48709
2989,2,0,0,3,4,4,Female,12883,0,27732,0,864,0,6212,73557
3007,1,0,0,3,3,4,Male,3822,0,965,0,1527,0,4782,31386
3007,2,0,0,3,3,4,Male,1607,0,1530,0,2202,0,8142,17183
3017,1,0,0,5,3,4,Female,23086,0,0,0,0,4,1472,5002
3017,2,0,0,5,3,4,Female,1056,0,1589,0,0,0,1093,4872
3022,1,0,0,4,4,4,Male,4055,0,919,0,0,5100,3620,53276
3022,2,0,0,4,4,4,Male,4564,0,221,0,0,1441,677,18749
3029,1,0,0,5,4,4,Male,3935,0,0,0,0,0,26720,34764
3029,2,0,0,5,4,4,Male,341,0,0,0,0,0,5083,41868
3052,1,0,0,4,3,4,Female,10097,0,1010,0,0,0,10294,19644
3052,2,0,0,4,3,4,Female,10915,0,580,0,0,0,8393,14733
3100,1,1,0,3,4,4,Female,19543,0,1015,0,0,2634,857,8803
3100,2,1,1,3,4,4,Female,80772,25351,15937,3204,0,3459,4328,37415
3103,1,0,0,5,4,4,Female,825,0,564,0,0,0,42804,47095
3103,2,0,0,5,4,4,Female,1006,0,0,0,0,0,4882,8260
3117,1,0,0,3,3,4,Female,6093,0,4212,0,3377,0,4191,19879
3117,2,0,0,3,3,4,Female,4903,0,3925,0,5704,0,2060,24914
3139,1,0,0,4,3,4,Female,3386,0,3803,0,44707,0,1793,77542
3139,2,0,0,4,3,4,Female,4412,0,3073,0,23198,0,1347,50229
3143,1,0,0,4,3,4,Male,864,0,0,0,1289,0,2151,17927
3143,2,0,0,4,3,4,Male,133,0,0,0,30,0,1984,8080
3157,1,0,0,4,3,4,Male,2310,0,149,0,7088,218,6550,68982
3157,2,0,0,4,3,4,Male,3925,0,268,0,1243,1800,5156,67092
3180,1,0,0,5,4,4,Female,22179,0,0,0,0,0,1337,25992
3180,2,0,0,5,4,4,Female,14800,0,0,0,0,0,883,19438
3204,1,0,0,4,2,4,Male,1403,0,6,0,0,0,4815,34535
3204,2,0,0,4,2,4,Male,1596,0,25,0,0,3,2081,43999
3207,1,0,0,4,3,4,Female,10973,0,16,0,56189,1768,11421,114808
3207,2,0,0,4,3,4,Female,4552,0,4,0,46006,1792,11354,121514
3211,1,0,0,3,3,4,Female,21529,0,0,0,0,0,11191,33452
3211,2,0,0,3,3,4,Female,48405,0,0,0,0,0,11972,38147
3214,1,0,0,3,2,4,Male,13345,0,112,0,0,0,4866,34314
3214,2,0,0,3,2,4,Male,21809,0,195,0,0,0,1623,33845
3220,1,0,0,3,2,4,Male,1098,0,17,0,16097,0,1937,29901
3220,2,0,0,3,2,4,Male,6402,0,0,0,12522,0,3381,41652
3238,1,0,0,4,4,4,Male,2711,0,8152,0,0,6769,3781,35278
3238,2,0,0,4,4,4,Male,607,0,4581,86,0,6513,5055,58368
3242,1,0,0,4,2,3,Male,40277,0,8119,0,5265,77,14742,74214
3242,2,0,0,4,2,3,Male,13884,0,8999,0,27276,0,7724,81542
3246,1,0,0,3,4,4,Male,3574,0,3958,0,0,4929,1780,28948
3246,2,0,0,3,4,4,Male,2550,0,3809,0,0,1935,2423,49001
3257,1,0,0,5,3,4,Male,15677,0,0,0,0,0,2011,39805
3257,2,0,0,5,3,4,Male,4787,0,0,0,0,7,10104,64934
3260,1,0,0,4,4,4,Male,15147,0,103,0,0,299,2716,7471
3260,2,0,0,4,4,4,Male,36622,0,1619,0,272,481,4219,16776
3266,1,0,0,5,4,4,Female,10265,0,144,0,0,0,1624,18339
3266,2,0,0,5,4,4,Female,5752,0,0,0,0,0,1571,8152
3283,1,0,0,4,4,4,Male,1682,0,0,0,0,17847,7883,39797
3283,2,0,0,4,4,4,Male,13239,0,0,0,0,22759,12396,62747
3285,1,0,0,3,4,4,Female,16871,0,245,0,28,0,5734,15902
3285,2,0,0,3,4,4,Female,9042,0,2641,0,4032,0,6230,20669
3286,1,0,0,5,3,4,Female,4259,0,5745,0,0,655,1695,8854
3286,2,0,0,5,3,4,Female,6884,0,4258,0,1108,1237,15758,32027
3343,1,0,0,4,2,4,Female,1467,0,9045,0,215,136,5688,31018
3343,2,0,0,4,2,4,Female,2233,0,3840,0,1260,160,1202,22979
3346,1,0,0,3,3,4,Female,1793,0,0,0,0,0,2749,5503
3346,2,0,0,3,3,4,Female,105,0,0,0,0,10,1889,6793
3355,1,0,0,5,4,4,Male,11986,0,0,0,3762,9,2365,17497
3355,2,0,0,5,4,4,Male,13245,0,98,0,3217,0,2732,42600
3361,1,0,0,4,2,4,Male,16,0,236,0,8402,0,11561,40335
3361,2,0,0,4,2,4,Male,844,0,191,0,7703,0,7182,36392
339,1,0,0,4,3,4,Male,0,0,0,0,0,5089,7331,76529
339,2,0,0,4,3,4,Male,0,0,0,0,0,9813,10057,75863
3441,1,0,0,3,2,2,Male,3530,0,59,0,4677,0,663,48970
3441,2,0,0,3,2,2,Male,3119,0,373,632,2869,0,1694,36983
3465,1,0,0,3,3,4,Male,12771,0,0,0,316,0,2367,33334
3465,2,0,0,3,3,4,Male,14837,0,0,0,0,0,2889,21604
3479,1,0,0,4,4,4,Male,16994,0,708,0,0,0,7424,44611
3479,2,0,0,4,4,4,Male,13354,0,0,0,0,0,5900,14644
3494,1,0,0,5,3,4,Male,9845,0,2516,0,0,1778,1732,28996
3494,2,0,0,5,3,4,Male,3998,0,4382,0,0,624,2224,22886
3500,1,0,0,4,2,2,Female,5532,0,812,0,52974,0,22672,80253
3500,2,0,0,4,2,2,Female,5133,0,1012,0,66603,0,1716,74218
3558,1,0,0,4,3,2,Male,0,0,0,0,0,0,487,65329
3558,2,0,0,4,3,2,Male,0,0,0,0,0,0,1053,25650
3562,1,0,0,5,3,4,Male,428,0,0,0,0,757,4957,13097
3562,2,0,0,5,3,4,Male,378,0,90,0,0,728,3152,38887
3576,1,0,0,5,3,4,Female,13860,0,0,0,2047,4,9688,15924
3576,2,0,0,5,3,4,Female,13976,0,0,0,0,0,27338,30364
3608,1,0,0,4,4,4,Male,1299,0,2176,0,7250,0,1035,17048
3608,2,0,0,4,4,4,Male,1110,0,10159,0,61091,0,515,75846
3609,1,0,0,4,3,4,Male,15881,0,0,0,0,0,1473,7718
3609,2,0,0,4,3,4,Male,21707,0,0,0,0,0,673,10647
361,1,0,0,3,3,4,Male,19848,0,30,0,2410,372,851,17613
361,2,0,0,3,3,4,Male,22409,0,244,0,72,426,11,8879
3615,1,0,0,5,3,4,Male,9845,0,2516,0,0,1778,1732,28996
3615,2,0,0,5,3,4,Male,3998,0,4382,0,0,624,2224,22886
3616,1,0,0,5,4,4,Male,15680,0,1161,0,4778,858,25264,40362
3616,2,0,0,5,4,4,Male,32730,0,0,0,329,67,44798,50735
3621,1,0,0,3,3,4,Male,4887,0,0,0,20969,0,773,24274
3621,2,0,0,3,3,4,Male,3575,0,0,0,26734,0,1886,38869
3622,1,0,0,2,3,3,Male,34460,0,568,0,0,341,724,12393
3622,2,0,0,2,3,3,Male,31926,0,1100,0,0,1453,5832,9673
3651,1,0,0,3,3,3,Male,1523,0,0,0,211748,0,973,217740
3651,2,0,0,3,3,3,Male,2051,0,0,0,221594,0,1670,228608
3682,1,0,0,4,4,4,Male,11753,0,579,0,10,0,2310,16243
3682,2,0,0,4,4,4,Male,19645,0,2338,0,0,0,17265,38041
3689,1,0,0,2,2,3,Female,14053,0,0,0,0,12283,21053,55174
3689,2,0,0,2,2,3,Female,9824,0,0,0,0,28738,14427,94395
3708,1,0,0,4,3,4,Male,24307,0,1522,0,29,3814,8687,70096
3708,2,0,0,4,3,4,Male,29243,0,0,0,0,4194,3295,44365
3724,1,0,0,5,4,4,Male,4210,0,0,0,0,0,3855,43471
3724,2,0,0,5,4,4,Male,3265,0,0,0,0,0,3471,39862
3739,1,0,0,2,3,3,Female,53625,0,0,0,1596,0,2340,33490
3739,2,0,0,2,3,3,Female,68382,0,0,0,0,6,492,16566
3776,1,0,0,2,3,3,Female,30751,0,2013,0,532,7836,1400,78598
3776,2,0,0,2,3,3,Female,34455,0,1247,0,0,6092,1639,19727
379,1,0,0,4,4,4,Male,0,0,0,0,0,0,1723,38195
379,2,0,0,4,4,4,Male,0,0,0,0,0,0,1851,13418
3814,1,0,0,3,2,4,Female,3466,0,0,0,0,5,8459,13542
3814,2,0,0,3,2,4,Female,3459,0,0,0,0,4,8324,22123
3823,1,0,0,3,3,4,Female,13920,0,0,0,0,0,1777,16569
3823,2,0,0,3,3,4,Female,19551,0,0,0,0,0,2579,22213
3882,1,0,0,3,3,4,Female,15933,0,2080,0,2254,63,2459,10907
3882,2,0,0,3,3,4,Female,15381,0,2781,0,1315,168,1398,17196
3889,1,0,0,4,4,4,Male,0,0,0,0,0,0,9814,15963
3889,2,0,0,4,4,4,Male,0,0,0,0,4005,0,3543,44348
3894,1,0,0,3,4,4,Male,3145,0,0,0,0,9,3480,5935
3894,2,0,0,3,4,4,Male,2893,0,0,0,0,27,815,10459
3908,1,0,0,2,3,3,Male,18686,0,244,0,0,21342,1215,71660
3908,2,0,0,2,3,3,Male,34742,0,281,0,0,41528,2640,100967
3923,1,0,0,4,2,4,Male,1700,0,1305,0,0,2262,1836,20061
3923,2,0,0,4,2,4,Male,702,0,947,0,0,2393,2434,33311
3975,1,0,0,4,4,4,Male,8276,0,0,0,267,763,2353,43836
3975,2,0,0,4,4,4,Male,7963,0,0,0,409,3118,4219,49042
3978,1,0,0,3,2,2,Male,6340,0,16,0,0,0,649,4409
3978,2,0,0,3,2,2,Male,1148,0,417,0,1589,0,401,9899
40,1,0,0,3,4,4,Male,3484,0,895,0,19285,429,4092,32448
40,2,0,0,3,4,4,Male,1918,0,1468,0,41330,131,3160,56602
4037,1,1,0,2,2,4,Female,16956,0,3192,0,4374,660,9606,30854
4037,2,1,1,2,2,4,Female,18922,1085,729,1518,154,1796,7795,14447
4040,1,0,0,2,4,4,Male,24690,0,0,0,72,92,5143,54137
4040,2,0,0,2,4,4,Male,1710,0,0,0,0,0,15065,26291
4044,1,1,0,2,2,4,Female,11187,0,1755,0,0,187,27400,35818
4044,2,1,1,2,2,4,Female,8436,2161,1018,6125,0,0,43186,59607
4058,1,0,0,4,3,4,Male,3479,0,2516,0,283,61,4285,9440
4058,2,0,0,4,3,4,Male,2206,0,1994,0,729,0,4658,9358
4102,1,0,0,4,4,4,Male,1077,0,0,0,0,0,7201,41970
4102,2,0,0,4,4,4,Male,4227,0,301,0,0,289,1531,62387
4129,1,0,0,5,3,4,Male,4241,0,1622,0,0,4579,2073,13377
4129,2,0,0,5,3,4,Male,6904,0,3995,0,0,6919,1982,20698
4150,1,0,0,3,3,4,Male,2965,0,0,0,7736,0,1474,33767
4150,2,0,0,3,3,4,Male,2176,0,0,0,10464,0,726,82763
4152,1,0,0,5,4,4,Male,1152,0,621,0,0,120,3711,8044
4152,2,0,0,5,4,4,Male,4314,0,0,0,0,1335,3788,44263
4235,1,0,0,5,4,4,Male,4859,0,0,0,0,0,2955,6029
4235,2,0,0,5,4,4,Male,3259,0,382,0,0,0,1574,4680
4237,1,0,0,5,4,4,Male,0,0,0,0,0,0,50066,57569
4237,2,0,0,5,4,4,Male,0,0,0,0,0,0,58228,64046
4238,1,0,0,5,4,4,Male,902,0,57,0,0,4,9995,26682
4238,2,0,0,5,4,4,Male,4291,0,61,0,0,400,31303,42659
4260,1,0,0,5,4,4,Male,14890,0,0,0,0,753,13820,47888
4260,2,0,0,5,4,4,Male,7106,0,0,0,0,0,14253,20218
4278,1,0,0,5,3,4,Male,5052,0,3,0,303,2011,3861,76704
4278,2,0,0,5,3,4,Male,3124,0,0,0,1593,16677,5444,89715
4284,1,0,0,5,4,4,Male,19508,0,0,0,0,212,8697,15832
4284,2,0,0,5,4,4,Male,31375,0,0,0,0,676,46380,66353
4318,1,0,0,5,3,4,Male,4241,0,1622,0,0,4579,2073,13377
4318,2,0,0,5,3,4,Male,6904,0,3995,0,0,6919,1982,20698
4335,1,0,0,2,2,3,Male,467,0,0,0,0,0,14441,41807
4335,2,0,0,2,2,3,Male,5909,0,0,0,0,0,26912,61309
4343,1,0,0,3,4,4,Female,4634,0,21,0,0,21873,9501,69988
4343,2,0,0,3,4,4,Female,4810,0,2158,0,0,18589,16462,49172
4366,1,0,0,4,4,4,Male,14776,0,0,0,0,594,2046,99477
4366,2,0,0,4,4,4,Male,4553,0,0,0,275,778,2726,73711
4406,1,0,0,4,2,4,Male,5920,0,2843,0,0,10184,10439,61016
4406,2,0,0,4,2,4,Male,7122,0,3205,0,0,3960,4651,19566
4407,1,0,0,4,3,4,Male,0,0,0,0,3,0,914,47667
4407,2,0,0,4,3,4,Male,272,0,0,0,0,0,380,8081
4433,1,0,0,3,4,4,Male,10176,0,0,0,0,0,2902,54890
4433,2,0,0,3,4,4,Male,4343,0,0,0,0,39,4636,68090
4446,1,0,0,5,4,4,Male,9200,0,0,0,0,0,11316,76258
4446,2,0,0,5,4,4,Male,6149,0,0,0,0,0,11919,52800
4452,1,0,0,5,4,4,Female,22179,0,0,0,0,0,1337,25992
4452,2,0,0,5,4,4,Female,14800,0,0,0,0,0,883,19438
4457,1,0,0,4,2,4,Male,0,0,0,0,12045,0,3982,201713
4457,2,0,0,4,2,4,Male,0,0,0,0,0,0,1181,219825
4458,1,0,0,5,4,4,Male,8080,0,922,0,0,64,3686,15223
4458,2,0,0,5,4,4,Male,3252,0,34,0,0,3,2103,6348
4475,1,0,0,3,3,4,Female,2063,0,4354,0,0,2078,3104,7544
4475,2,0,0,3,3,4,Female,1574,0,7102,0,0,1548,1827,6400
4480,1,0,0,4,4,2,Female,5442,0,43,0,2965,0,4549,37468
4480,2,0,0,4,4,2,Female,3310,0,980,0,4573,0,2846,100922
4493,1,0,0,2,4,3,Female,25732,0,1403,0,0,1154,1075,42809
4493,2,0,0,2,4,3,Female,36684,0,1714,0,0,78,1366,71133
4499,1,0,0,4,3,2,Female,29669,0,505,0,0,976,455,102540
4499,2,0,0,4,3,2,Female,2380,0,29,0,557,28,659,14498
4524,1,0,0,5,3,4,Female,23086,0,0,0,0,4,1472,5002
4524,2,0,0,5,3,4,Female,1056,0,1589,0,0,0,1093,4872
4552,1,0,0,4,4,4,Male,4770,0,1953,0,0,121,3334,26049
4552,2,0,0,4,4,4,Male,2370,0,364,0,377,0,930,10529
4584,1,0,0,5,4,2,Male,14726,0,0,0,0,121,2517,62547
4584,2,0,0,5,4,2,Male,0,0,0,0,0,0,117,101036
4611,1,0,0,4,3,4,Male,56627,0,5178,0,431,0,22614,116996
4611,2,0,0,4,3,4,Male,15044,0,0,0,0,0,10900,130611
462,1,0,0,4,4,4,Male,3563,0,0,0,2311,0,2408,37088
462,2,0,0,4,4,4,Male,1637,0,0,0,1083,0,3743,44778
4627,1,0,0,5,2,4,Male,5106,0,0,0,0,13,4167,34715
4627,2,0,0,5,2,4,Male,4640,0,0,0,0,0,2500,32109
4639,1,0,0,4,3,4,Male,552,0,0,0,1387,0,30560,95884
4639,2,0,0,4,3,4,Male,31,0,0,0,1924,0,419,15234
4641,1,0,0,5,4,4,Male,0,0,0,0,0,0,375,4461
4641,2,0,0,5,4,4,Male,0,0,0,0,0,0,440,3832
466,1,0,0,4,4,4,Male,0,0,0,0,0,0,9814,15963
466,2,0,0,4,4,4,Male,0,0,0,0,4005,0,3543,44348
4660,1,0,0,2,2,2,Female,10822,0,0,0,25381,529,2565,65277
4660,2,0,0,2,2,2,Female,6152,0,0,0,33255,107,1066,67293
4683,1,0,0,3,3,4,Male,232,0,0,0,0,0,14319,17713
4683,2,0,0,3,3,4,Male,517,0,0,0,281,0,20287,26990
4695,1,0,0,3,2,4,Female,12990,0,6316,0,139,2533,10442,53751
4695,2,0,0,3,2,4,Female,7896,0,9280,0,415,692,6738,57287
4714,1,0,0,5,4,4,Male,15680,0,1161,0,4778,858,25264,40362
4714,2,0,0,5,4,4,Male,32730,0,0,0,329,67,44798,50735
4720,1,0,0,4,3,4,Female,319,0,0,0,6174,2504,68,10112
4720,2,0,0,4,3,4,Female,2545,0,0,0,32792,21263,2984,73864
4725,1,0,0,3,3,4,Male,10093,0,0,0,72939,0,752,82504
4725,2,0,0,3,3,4,Male,6432,0,0,0,72592,0,2101,79393
4750,1,0,0,4,4,4,Male,118,0,188,0,0,269,853,9915
4750,2,0,0,4,4,4,Male,45,0,318,0,0,220,949,18707
4754,1,0,0,3,4,4,Male,3630,0,0,0,444,0,3019,53641
4754,2,0,0,3,4,4,Male,3534,0,3,0,95,39,1951,72202
4762,1,0,0,4,4,4,Male,11503,0,1974,0,1342,0,14580,43204
4762,2,0,0,4,4,4,Male,10770,0,650,0,994,0,6454,43190
4766,1,0,0,4,4,4,Male,4445,0,208,0,1746,0,6748,23775
4766,2,0,0,4,4,4,Male,11522,0,206,0,2101,0,5746,22184
4773,1,0,0,5,3,4,Male,960,0,0,0,0,0,13339,42791
4773,2,0,0,5,3,4,Male,441,0,0,0,0,0,104095,139773
4774,1,1,0,3,3,4,Male,67490,0,3193,0,0,2585,1819,27186
4774,2,1,1,3,3,4,Male,58012,7816,5887,0,779,5846,1580,30484
4783,1,0,0,4,2,4,Male,2738,0,330,0,0,0,2603,25803
4783,2,0,0,4,2,4,Male,1693,0,363,0,0,0,1537,15256
4791,1,0,0,5,3,2,Female,5021,0,0,0,0,0,5860,14917
4791,2,0,0,5,3,2,Female,1168,0,0,31,0,0,5826,14165
4795,1,0,0,4,4,4,Female,4807,0,3474,0,2140,23047,2056,63040
4795,2,0,0,4,4,4,Female,5857,0,1511,0,7933,30752,1365,75199
4798,1,0,0,3,4,4,Female,0,0,0,0,0,0,1856,3929
4798,2,0,0,3,4,4,Female,0,0,0,0,0,6,724,29302
4828,1,0,0,4,3,4,Male,1238,0,0,0,1602,0,632,12378
4828,2,0,0,4,3,4,Male,1375,0,0,0,3585,0,1295,58761
4873,1,0,0,4,4,4,Male,0,0,0,0,0,0,465,41510
4873,2,0,0,4,4,4,Male,0,0,0,0,0,0,832,68466
4882,1,0,0,3,3,4,Male,899,0,0,0,889,0,13478,16630
4882,2,0,0,3,3,4,Male,1138,0,0,0,0,0,13492,14191
4897,1,0,0,4,3,2,Male,0,0,0,0,0,0,7006,208087
4897,2,0,0,4,3,2,Male,0,0,0,0,0,0,4474,237473
4961,1,0,0,5,2,2,Female,21324,0,83,0,6005,0,3912,14254
4961,2,0,0,5,2,2,Female,18530,0,0,0,1233,0,3895,10059
4998,1,0,0,4,4,4,Male,17250,0,8091,0,1694,13960,6281,245765
4998,2,0,0,4,4,4,Male,27006,0,3460,0,0,2750,5712,240253
5022,1,0,0,3,4,2,Female,34676,0,0,0,0,0,1524,44400
5022,2,0,0,3,4,2,Female,35918,0,0,0,0,0,3045,23848
5055,1,0,0,5,3,4,Male,3216,0,404,0,0,100,1845,76244
5055,2,0,0,5,3,4,Male,91,0,0,0,0,146,227,5955
5084,1,0,0,4,2,2,Male,3642,0,246,0,3882,0,2158,26821
5084,2,0,0,4,2,2,Male,2909,0,394,0,110,0,4609,29644
5085,1,0,0,2,2,3,Female,99016,0,5903,0,3321,0,8152,40075
5085,2,0,0,2,2,3,Female,51727,0,3120,0,283,0,3708,71397
5096,1,0,0,4,2,4,Female,59,0,0,0,3,0,709,5773
5096,2,0,0,4,2,4,Female,337,0,3,0,0,0,569,6196
5098,1,0,0,3,4,4,Female,4178,0,36,0,505,0,2565,22051
5098,2,0,0,3,4,4,Female,3768,0,0,0,4012,3,1738,22358
5102,1,0,0,2,2,4,Female,2411,0,1005,0,767,0,874,5062
5102,2,0,0,2,2,4,Female,554,0,1871,0,7599,0,885,12786
5132,1,0,0,3,3,4,Male,3093,0,400,0,0,241,26444,35070
5132,2,0,0,3,3,4,Male,1480,0,127,0,0,192,6940,11146
5134,1,0,0,4,2,4,Male,821,0,0,0,0,0,108,86100
5134,2,0,0,4,2,4,Male,3322,0,0,0,0,0,96,69598
5153,1,0,0,1,4,1,Female,8577,0,846,0,10866,0,4099,180738
5153,2,0,0,1,4,1,Female,1485,0,867,0,10699,153,1256,120943
5163,1,0,0,2,3,4,Female,34795,0,2893,0,0,4696,1334,35379
5163,2,0,0,2,3,4,Female,30595,0,3120,0,0,6246,2256,65379
5199,1,0,0,4,3,4,Female,1509,0,0,0,705,0,950,3227
5199,2,0,0,4,3,4,Female,1505,0,0,0,1652,0,1795,7114
5217,1,0,0,3,4,4,Female,2151,0,0,0,0,0,11281,16072
5217,2,0,0,3,4,4,Female,1157,0,1090,0,3086,3,3587,14398
5254,1,0,0,4,3,4,Male,10923,0,656,0,74722,320,3412,81252
5254,2,0,0,4,3,4,Male,6258,0,35,0,48496,49,2222,60603
5311,1,1,0,3,4,4,Female,45193,0,2348,0,0,830,11195,20857
5311,2,1,1,3,4,4,Female,2386,3087,400,17251,0,0,1043,4839
5323,1,0,0,1,1,1,Male,3216,0,5746,0,13081,0,493,40409
5323,2,0,0,1,1,1,Male,6522,0,7238,0,14006,158,197,26692
5325,1,0,0,2,3,4,Male,7256,0,613,0,36618,0,3570,60763
5325,2,0,0,2,3,4,Male,2622,0,909,20474,76965,0,397,97424
5349,1,1,0,3,3,4,Female,4944,0,175,0,18027,0,6985,104512
5349,2,1,1,3,3,4,Female,3187,138,977,0,15024,0,3180,91932
5377,1,0,0,4,4,4,Female,1257,0,1296,0,66,0,33138,44824
5377,2,0,0,4,4,4,Female,1932,0,1748,0,0,0,6164,12490
5409,1,0,0,4,3,2,Female,22701,0,20751,0,0,0,4906,59737
5409,2,0,0,4,3,2,Female,13957,0,10641,0,0,0,2954,11840
5416,1,0,0,4,4,4,Female,4063,0,2195,0,0,9,22550,153594
5416,2,0,0,4,4,4,Female,5399,0,607,0,0,9,10440,122080
5418,1,0,0,4,3,2,Female,1459,0,0,0,0,0,3768,9344
5418,2,0,0,4,3,2,Female,1152,0,0,0,0,0,4964,7662
5437,1,0,0,4,4,4,Male,1459,0,0,0,0,45,2354,22083
5437,2,0,0,4,4,4,Male,770,0,142,0,10,6,1717,53307
5454,1,0,0,5,4,4,Male,0,0,0,0,0,0,15544,95954
5454,2,0,0,5,4,4,Male,0,0,0,0,0,0,2584,45974
5473,1,0,0,4,4,4,Male,1682,0,0,0,0,17847,7883,39797
5473,2,0,0,4,4,4,Male,13239,0,0,0,0,22759,12396,62747
5474,1,0,0,3,4,4,Female,5875,0,7978,0,0,27,2304,7521
5474,2,0,0,3,4,4,Female,10297,0,10775,0,0,253,3364,15655
5483,1,0,0,3,4,4,Male,7030,0,114,0,70,0,3300,28588
5483,2,0,0,3,4,4,Male,6916,0,0,0,0,18,4981,28058
5491,1,0,0,3,3,4,Female,310,0,0,0,3877,0,1966,48251
5491,2,0,0,3,3,4,Female,541,0,0,0,20608,0,2791,62327
5499,1,0,0,4,3,4,Male,3479,0,2516,0,283,61,4285,9440
5499,2,0,0,4,3,4,Male,2206,0,1994,0,729,0,4658,9358
5504,1,0,0,4,3,2,Female,10915,0,0,0,0,0,3699,19393
5504,2,0,0,4,3,2,Female,2206,0,0,0,0,0,901,9238
5533,1,0,0,4,2,4,Male,0,0,0,0,0,0,6999,79073
5533,2,0,0,4,2,4,Male,0,0,0,0,0,0,5698,62815
5561,1,0,0,3,3,4,Male,1092,0,0,0,15460,20055,2718,58987
5561,2,0,0,3,3,4,Male,1745,0,0,0,11599,18047,1947,50228
5615,1,0,0,4,3,4,Female,316,0,4,0,0,0,2905,22577
5615,2,0,0,4,3,4,Female,578,0,3,0,0,0,1976,17778
5664,1,0,0,3,3,4,Female,2399,0,0,0,0,33427,7480,88388
5664,2,0,0,3,3,4,Female,580,0,0,0,0,13599,1800,105809
5673,1,0,0,4,4,4,Male,0,0,0,0,1300,5310,3282,43034
5673,2,0,0,4,4,4,Male,0,0,0,0,1185,3437,3298,83324
5677,1,0,0,4,3,4,Male,0,0,0,0,87,0,3501,9188
5677,2,0,0,4,3,4,Male,0,0,0,0,0,0,2070,27433
5696,1,0,0,2,2,4,Female,30343,0,402,0,0,3371,1358,17171
5696,2,0,0,2,2,4,Female,33976,0,51,0,0,4747,563,10999
57,1,0,0,4,4,4,Male,2419,0,0,0,0,0,3081,7504
57,2,0,0,4,4,4,Male,0,0,0,0,0,0,1463,85835
5733,1,0,0,3,3,2,Female,0,0,0,0,0,0,5091,31442
5733,2,0,0,3,3,2,Female,0,0,0,0,0,0,6223,13898
5734,1,0,0,3,2,2,Male,16601,0,480,0,0,0,1535,107903
5734,2,0,0,3,2,2,Male,12929,0,1072,0,0,0,1633,57929
5763,1,0,0,2,3,4,Female,0,0,0,0,0,0,4399,50157
5763,2,0,0,2,3,4,Female,0,0,0,0,0,0,2500,88667
5787,1,0,0,2,4,4,Female,13915,0,1913,0,1862,6733,25411,43644
5787,2,0,0,2,4,4,Female,13012,0,519,0,12,10012,28907,49129
579,1,0,0,3,3,4,Male,4119,0,0,0,29364,0,6427,76366
579,2,0,0,3,3,4,Male,2856,0,0,0,26796,0,5677,83901
5791,1,1,0,3,3,4,Female,15718,0,6384,0,34749,2594,4957,69832
5791,2,1,1,3,3,4,Female,13036,10,3707,0,23959,815,2570,82581
5817,1,0,0,3,3,4,Male,0,0,0,0,4799,16,10262,113382
5817,2,0,0,3,3,4,Male,0,0,0,0,6002,13,4976,66291
5834,1,0,0,5,4,4,Female,19359,0,6183,0,6739,0,5668,15859
5834,2,0,0,5,4,4,Female,20078,0,3093,0,5578,0,2580,12481
5893,1,0,0,5,3,4,Male,521,0,0,0,0,0,5443,19459
5893,2,0,0,5,3,4,Male,1131,0,0,0,0,0,6003,33054
5912,1,0,0,4,4,4,Female,4234,0,0,0,143286,9,1220,199339
5912,2,0,0,4,4,4,Female,8046,0,0,0,151520,42,2159,183849
5919,1,0,0,3,4,4,Male,363,0,0,0,3963,4931,895,25283
5919,2,0,0,3,4,4,Male,4787,0,0,0,0,4671,1770,71180
5926,1,0,0,4,4,2,Male,0,0,0,0,0,0,0,1022
5926,2,0,0,4,4,2,Male,0,0,0,0,0,0,0,1532
5931,1,0,0,2,2,3,Male,9595,0,0,0,0,11208,2349,68355
5931,2,0,0,2,2,3,Male,24552,0,0,0,0,10443,221,50878
5949,1,1,0,2,3,3,Female,56534,0,0,0,129,4894,5569,92900
5949,2,1,1,2,3,3,Female,65809,4886,0,0,31,6813,5320,95471
5959,1,0,0,4,3,2,Male,2503,0,28,0,6102,1998,8284,70921
5959,2,0,0,4,3,2,Male,174,0,0,0,1956,0,6493,52435
597,1,0,0,4,4,4,Male,14252,0,0,0,0,0,6225,19723
597,2,0,0,4,4,4,Male,6402,0,0,0,0,0,2091,8875
5975,1,0,0,3,3,4,Female,10428,0,9410,0,9268,0,3453,74332
5975,2,0,0,3,3,4,Female,13338,0,16828,0,5755,0,2223,73048
5982,1,0,0,4,4,4,Male,318,0,0,0,0,292,40856,50366
5982,2,0,0,4,4,4,Male,0,0,0,0,0,0,15440,18878
5987,1,1,0,5,4,4,Female,8236,0,7578,0,25640,333,4240,41637
5987,2,1,1,5,4,4,Female,13736,597,13031,160,30513,198,2587,47699
5994,1,0,0,5,4,4,Male,9855,0,0,0,0,0,11221,72219
5994,2,0,0,5,4,4,Male,8233,0,0,0,0,0,11903,53143
5995,1,1,0,3,4,4,Female,19543,0,1015,0,0,2634,857,8803
5995,2,1,1,3,4,4,Female,80772,25351,15937,3204,0,3459,4328,37415
6025,1,0,0,2,3,4,Male,8794,0,0,0,0,6513,7367,77878
6025,2,0,0,2,3,4,Male,7641,0,0,0,910,8392,8716,94756
6037,1,0,0,5,3,4,Male,4241,0,1622,0,0,4579,2073,13377
6037,2,0,0,5,3,4,Male,6904,0,3995,0,0,6919,1982,20698
6059,1,0,0,2,2,3,Male,16959,0,0,0,31354,1332,1215,83567
6059,2,0,0,2,2,3,Male,15175,0,4,0,52854,1267,399,114228
6070,1,0,0,2,2,4,Male,23427,0,622,0,42,14726,8882,54713
6070,2,0,0,2,2,4,Male,11341,0,495,0,0,9974,15534,70392
6079,1,0,0,2,4,4,Female,12809,0,0,0,0,1254,596,70557
6079,2,0,0,2,4,4,Female,18324,0,0,0,0,343,1401,62038
6090,1,0,0,3,3,3,Female,4875,0,6,0,6995,0,4031,25670
6090,2,0,0,3,3,3,Female,7225,0,97,0,0,0,3065,21026
6092,1,0,0,2,2,4,Male,26524,0,3084,0,0,11932,852,96515
6092,2,0,0,2,2,4,Male,33719,0,2107,0,0,14999,718,90687
6100,1,1,0,2,2,4,Male,12193,0,422,0,54014,0,21367,97309
6100,2,1,1,2,2,4,Male,11586,4669,176,1196,20417,0,10165,61664
6125,1,0,0,3,3,4,Male,0,0,0,0,0,0,3115,73738
6125,2,0,0,3,3,4,Male,0,0,0,0,0,0,6858,33346
6126,1,1,0,2,3,3,Female,2776,0,3297,0,123,0,3068,22841
6126,2,1,1,2,3,3,Female,5062,1025,873,249,1400,0,4411,36247
6141,1,0,0,3,4,4,Female,0,0,0,0,0,0,1856,3929
6141,2,0,0,3,4,4,Female,0,0,0,0,0,6,724,29302
6151,1,0,0,3,3,4,Male,0,0,0,0,517,6615,1165,19528
6151,2,0,0,3,3,4,Male,0,0,0,0,7740,6537,404,31184
6159,1,0,0,4,2,4,Male,2845,0,0,0,7557,0,2882,51295
6159,2,0,0,4,2,4,Male,2224,0,0,0,8766,126,2276,51499
6171,1,0,0,4,4,4,Male,2419,0,0,0,0,0,3081,7504
6171,2,0,0,4,4,4,Male,0,0,0,0,0,0,1463,85835
6192,1,0,0,5,3,4,Male,15754,0,233,0,0,4568,12961,45486
6192,2,0,0,5,3,4,Male,22012,0,342,0,0,122,5038,47348
6201,1,0,0,4,3,4,Male,38917,0,63,0,59166,985,19872,113373
6201,2,0,0,4,3,4,Male,18627,0,471,0,53443,848,21451,107135
6205,1,0,0,4,4,4,Male,16845,0,0,0,1469,0,3291,10553
6205,2,0,0,4,4,4,Male,9501,0,0,0,0,0,3328,8472
6226,1,0,0,3,3,4,Male,7115,0,0,0,13520,0,6828,55398
6226,2,0,0,3,3,4,Male,4969,0,0,0,11258,0,4220,57988
6230,1,0,0,3,4,4,Male,28659,0,43,0,2750,0,2575,38188
6230,2,0,0,3,4,4,Male,22162,0,22,0,1230,0,2655,35943
6247,1,1,0,2,3,3,Male,29968,0,0,0,2699,4715,3793,81025
6247,2,1,1,2,3,3,Male,35280,1572,0,0,0,4857,3702,54293
6259,1,0,0,4,3,4,Male,6515,0,2613,0,15,0,1675,5641
6259,2,0,0,4,3,4,Male,17701,0,3862,0,0,0,3751,13924
6262,1,0,0,1,2,1,Female,13995,0,814,0,0,805,689,39322
6262,2,0,0,1,2,1,Female,2150,0,706,0,0,574,654,74100
6267,1,0,0,4,3,4,Male,0,0,0,0,10219,0,113,53180
6267,2,0,0,4,3,4,Male,0,0,0,0,4419,0,995,34547
6289,1,0,0,3,3,4,Female,0,0,0,0,0,0,2592,63826
6289,2,0,0,3,3,4,Female,0,0,0,0,0,0,197,4589
6300,1,0,0,4,3,4,Male,10310,0,7144,0,598,1739,4414,78737
6300,2,0,0,4,3,4,Male,11489,0,6304,0,2249,1832,3313,122638
6341,1,0,0,5,3,4,Male,1622,0,0,0,0,124,1438,2362
6341,2,0,0,5,3,4,Male,800,0,0,0,0,236,1155,1894
6366,1,0,0,5,4,4,Male,624,0,0,0,93,0,620,84813
6366,2,0,0,5,4,4,Male,317,0,0,0,0,0,506,30599
6379,1,0,0,2,2,3,Male,2890,0,0,0,0,108,528,27791
6379,2,0,0,2,2,3,Male,2699,0,0,0,0,0,205,13957
6390,1,0,0,5,4,4,Male,2155,0,0,0,0,9148,15414,80451
6390,2,0,0,5,4,4,Male,1122,0,0,0,0,4754,29755,78215
6398,1,0,0,5,2,4,Female,1073,0,5020,0,0,0,5419,8399
6398,2,0,0,5,2,4,Female,1671,0,2600,0,0,10,1174,3186
6420,1,0,0,5,4,4,Male,0,0,0,0,0,0,1698,3009
6420,2,0,0,5,4,4,Male,0,0,0,0,0,0,1110,2326
6454,1,0,0,5,2,4,Male,0,0,0,0,0,0,23378,31107
6454,2,0,0,5,2,4,Male,210,0,0,0,0,0,442,20035
6456,1,0,0,5,3,2,Male,6474,0,916,0,0,0,6063,44255
6456,2,0,0,5,3,2,Male,5059,0,852,0,0,0,14413,53734
6461,1,0,0,5,3,2,Female,5429,0,39,0,14455,6531,2996,42366
6461,2,0,0,5,3,2,Female,5463,0,9,0,2739,4607,2963,28044
6483,1,0,0,5,4,4,Male,0,0,0,0,0,0,11651,11857
6483,2,0,0,5,4,4,Male,0,0,0,0,0,0,794,2470
6494,1,0,0,5,3,4,Male,2900,0,37,0,0,3228,28963,66876
6494,2,0,0,5,3,4,Male,3735,0,0,0,0,2146,6750,24790
6503,1,0,0,5,4,4,Female,726,0,0,0,8090,0,3052,67041
6503,2,0,0,5,4,4,Female,401,0,0,0,26,0,13898,61495
6504,1,0,0,5,3,4,Male,15680,0,1161,0,4778,858,25264,40362
6504,2,0,0,5,3,4,Male,32730,0,0,0,329,67,44798,50735
6514,1,0,0,5,4,2,Male,267,0,0,0,0,0,3229,21121
6514,2,0,0,5,4,2,Male,10856,0,0,0,0,0,6878,88362
6517,1,0,0,5,4,4,Male,3335,0,418,0,1702,0,3847,92597
6517,2,0,0,5,4,4,Male,3038,0,276,0,539,0,2640,79666
6524,1,0,0,5,4,4,Female,11227,0,1769,0,0,0,5775,34266
6524,2,0,0,5,4,4,Female,5677,0,647,0,0,0,5517,21573
6526,1,0,0,5,4,4,Male,917,0,35,0,0,0,12363,52119
6526,2,0,0,5,4,4,Male,6087,0,0,0,0,0,7397,45688
6536,1,0,0,2,2,3,Male,616,0,3,0,341,0,154,78029
6536,2,0,0,2,2,3,Male,643,0,0,0,0,0,288,23020
6556,1,0,0,4,3,4,Male,3563,0,0,0,326,159,1538,22265
6556,2,0,0,4,3,4,Male,15182,0,0,0,0,0,14442,64807
6559,1,0,0,3,4,4,Female,23740,0,766,0,15096,196,8272,73947
6559,2,0,0,3,4,4,Female,16601,0,278,0,11148,7,19478,86573
6571,1,0,0,3,3,4,Female,0,0,0,0,0,0,4508,9301
6571,2,0,0,3,3,4,Female,0,0,0,0,0,0,5764,8763
6606,1,0,0,4,4,4,Female,0,0,0,0,0,0,4577,47772
6606,2,0,0,4,4,4,Female,0,0,0,0,0,0,7042,32176
6610,1,0,0,3,4,4,Female,27379,0,0,0,3012,0,8995,27465
6610,2,0,0,3,4,4,Female,11555,0,0,0,9561,0,4712,19859
6626,1,0,0,4,4,4,Female,0,0,0,0,0,0,4577,47772
6626,2,0,0,4,4,4,Female,0,0,0,0,0,0,7042,32176
663,1,0,0,5,4,4,Male,3547,0,4307,0,10217,0,1194,15210
663,2,0,0,5,4,4,Male,2796,0,538,0,5088,0,589,15296
6632,1,0,0,4,4,4,Female,528,0,211,0,0,618,120,857
6632,2,0,0,4,4,4,Female,5901,0,2566,0,0,9875,11036,30045
6653,1,0,0,2,3,4,Male,10571,0,1491,0,16311,4134,9782,111137
6653,2,0,0,2,3,4,Male,4707,0,658,0,76513,2369,2011,133676
6661,1,0,0,2,4,3,Female,34091,0,0,0,36287,11706,1097,83175
6661,2,0,0,2,4,3,Female,28370,0,0,0,30508,11260,624,118687
6665,1,0,0,4,3,4,Female,12281,0,0,0,0,0,28747,64079
6665,2,0,0,4,3,4,Female,15066,0,0,0,0,0,18009,64995
6682,1,0,0,2,4,4,Male,15206,0,5464,0,0,4491,2789,94264
6682,2,0,0,2,4,4,Male,38001,0,2833,0,0,5474,2231,134583
670,1,0,0,3,3,4,Male,4887,0,0,0,20969,0,773,24274
670,2,0,0,3,3,4,Male,3575,0,0,0,26734,0,1886,38869
6702,1,0,0,2,4,4,Female,25491,0,6392,0,95,0,5145,40535
6702,2,0,0,2,4,4,Female,35513,0,6897,0,757,0,2433,24175
6703,1,1,0,2,4,3,Female,10208,0,4846,0,77515,48931,5846,210859
6703,2,1,1,2,4,3,Female,3948,135,2819,17,49019,16293,4763,209972
6706,1,0,0,2,2,4,Female,28649,0,657,0,0,0,1721,17347
6706,2,0,0,2,2,4,Female,43892,0,1490,0,0,2262,3176,12835
6717,1,0,0,5,2,2,Male,333,0,0,0,0,0,29576,30714
6717,2,0,0,5,2,2,Male,48,0,0,0,0,0,33447,57225
6729,1,0,0,2,3,2,Male,10181,0,0,0,51890,4839,2850,125286
6729,2,0,0,2,3,2,Male,7667,0,0,0,102113,3651,2103,147492
6761,1,0,0,2,2,2,Female,1872,0,0,0,9325,0,19283,101362
6761,2,0,0,2,2,2,Female,300,0,0,150,7254,0,11806,58241
680,1,0,0,3,3,4,Male,2920,0,0,0,160,16231,2541,34555
680,2,0,0,3,3,4,Male,1644,0,0,0,5071,4593,1253,18106
6820,1,0,0,4,2,4,Male,0,0,0,0,43,9,5221,30903
6820,2,0,0,4,2,4,Male,444,0,0,0,534,61,4305,28824
6825,1,0,0,5,4,4,Male,187,0,4,0,0,0,14138,19658
6825,2,0,0,5,4,4,Male,473,0,601,0,0,3,13609,16605
683,1,0,0,4,3,4,Male,6368,0,3506,0,42,150,6933,32915
683,2,0,0,4,3,4,Male,3430,0,3149,0,0,655,6002,40216
6904,1,0,0,4,2,4,Female,7059,0,0,0,1102,0,6861,19956
6904,2,0,0,4,2,4,Female,5870,0,0,0,14888,0,3224,27543
6997,1,0,0,2,4,4,Male,0,0,0,0,7545,0,233,42705
6997,2,0,0,2,4,4,Male,8,0,0,0,6159,0,216,29749
7008,1,0,0,4,4,4,Male,5136,0,43,0,0,18,6879,22119
7008,2,0,0,4,4,4,Male,9582,0,13,0,0,0,5666,17550
7026,1,0,0,4,3,4,Female,12862,0,6883,0,0,0,2517,9386
7026,2,0,0,4,3,4,Female,14935,0,5830,0,0,0,5129,10419
703,1,0,0,4,3,4,Male,1788,0,978,0,2784,2382,1984,69480
703,2,0,0,4,3,4,Male,3201,0,1544,0,12347,3439,1493,75452
7095,1,0,0,3,4,4,Male,1112,0,1908,0,8962,2282,8896,88647
7095,2,0,0,3,4,4,Male,1762,0,2225,0,0,1260,8552,63963
7114,1,0,0,3,2,2,Female,7874,0,7358,0,0,2596,38233,63406
7114,2,0,0,3,2,2,Female,7056,0,9072,0,0,9346,32777,104175
7117,1,0,0,4,4,4,Female,10969,0,0,0,0,4,1901,5988
7117,2,0,0,4,4,4,Female,1723,0,0,0,0,0,4011,5365
7125,1,0,0,2,3,3,Female,52241,0,0,0,14514,7768,485,36143
7125,2,0,0,2,3,3,Female,57829,0,0,0,6444,7500,552,42351
7222,1,0,0,2,4,3,Male,26747,0,0,0,0,177,2376,49286
7222,2,0,0,2,4,3,Male,22080,0,358,0,0,36,2833,65180
7243,1,0,0,3,3,4,Male,67,0,93,0,19830,1094,18929,56251
7243,2,0,0,3,3,4,Male,0,0,147,0,30929,493,5922,64916
7272,1,0,0,3,2,4,Male,5675,0,246,0,23400,0,4736,44676
7272,2,0,0,3,2,4,Male,6190,0,777,0,17803,0,2103,44248
7294,1,0,0,3,4,3,Male,10631,0,0,0,2909,0,2628,30149
7294,2,0,0,3,4,3,Male,6122,0,0,0,3825,0,3584,48185
7298,1,0,0,1,1,1,Female,2583,0,0,0,4593,4883,654,51721
7298,2,0,0,1,1,1,Female,2277,0,0,0,0,0,2438,88639
730,1,0,0,4,3,4,Male,572,0,1210,0,0,2037,1498,78462
730,2,0,0,4,3,4,Male,1034,0,5661,0,0,1004,1417,96431
7313,1,0,0,5,3,4,Male,0,0,0,0,821,0,1687,18057
7313,2,0,0,5,3,4,Male,0,0,0,0,0,0,2045,80349
7342,1,0,0,3,3,4,Male,0,0,0,0,0,0,3115,73738
7342,2,0,0,3,3,4,Male,0,0,0,0,0,0,6858,33346
7347,1,0,0,2,2,3,Male,5731,0,0,0,39188,163,1866,62232
7347,2,0,0,2,2,3,Male,4197,0,0,0,24703,50,1219,64425
7388,1,0,0,4,4,4,Female,482,0,0,0,8184,0,2616,14551
7388,2,0,0,4,4,4,Female,0,0,0,0,14019,0,35560,51186
7392,1,0,0,2,3,3,Male,1125,0,0,0,961,0,3547,23487
7392,2,0,0,2,3,3,Male,1941,0,0,0,0,0,629,32511
7407,1,0,0,3,3,4,Female,3096,0,544,0,0,0,1464,16642
7407,2,0,0,3,3,4,Female,4135,0,245,0,0,0,912,53615
7408,1,0,0,2,2,3,Male,16959,0,0,0,31354,1332,1215,83567
7408,2,0,0,2,2,3,Male,15175,0,4,0,52854,1267,399,114228
7410,1,0,0,4,4,4,Female,0,0,0,0,0,0,4577,47772
7410,2,0,0,4,4,4,Female,0,0,0,0,0,0,7042,32176
7455,1,1,0,3,3,4,Female,4944,0,175,0,18027,0,6985,104512
7455,2,1,1,3,3,4,Female,3187,138,977,0,15024,0,3180,91932
7471,1,0,0,1,3,1,Female,1137,0,76,0,0,0,1571,4754
7471,2,0,0,1,3,1,Female,1154,0,2242,0,0,16,1644,10388
7515,1,0,0,2,4,3,Male,57060,0,0,0,0,23488,1524,36657
7515,2,0,0,2,4,3,Male,22985,0,0,0,0,40899,25783,77840
7528,1,0,0,1,3,1,Male,3715,0,0,0,21661,10155,2841,57741
7528,2,0,0,1,3,1,Male,2681,0,0,0,31932,8354,906,54101
7578,1,0,0,1,3,1,Male,3715,0,0,0,21661,10155,2841,57741
7578,2,0,0,1,3,1,Male,2681,0,0,0,31932,8354,906,54101
7581,1,0,0,1,2,1,Female,13995,0,814,0,0,805,689,39322
7581,2,0,0,1,2,1,Female,2150,0,706,0,0,574,654,74100
7587,1,0,0,2,3,3,Male,51436,0,0,0,2018,10981,892,55254
7587,2,0,0,2,3,3,Male,31352,0,0,67,39693,6125,1344,91663
7622,1,0,0,2,2,3,Female,6496,0,0,0,10278,0,339,51081
7622,2,0,0,2,2,3,Female,2102,0,0,0,1359,0,2533,81689
763,1,0,0,3,3,4,Male,2237,0,379,0,0,0,1424,13942
763,2,0,0,3,3,4,Male,1134,0,0,0,0,0,1481,34306
7633,1,0,0,1,3,1,Female,6879,0,9133,0,0,122,5985,18816
7633,2,0,0,1,3,1,Female,11444,0,8431,0,109,10355,3321,41415
7654,1,0,0,2,3,4,Female,3705,0,0,0,12005,0,4722,21620
7654,2,0,0,2,3,4,Female,634,0,0,0,13888,0,12442,39333
7677,1,0,0,5,1,2,Male,115,0,0,0,0,0,2248,3644
7677,2,0,0,5,1,2,Male,18,0,0,0,0,0,2458,4441
771,1,1,0,4,4,4,Male,15173,0,1134,0,66299,0,1288,79300
771,2,1,1,4,4,4,Male,2924,275,948,0,97958,0,4315,123159
7768,1,0,0,2,3,1,Male,51436,0,0,0,2018,10981,892,55254
7768,2,0,0,2,3,1,Male,31352,0,0,67,39693,6125,1344,91663
7794,1,0,0,5,2,2,Male,333,0,0,0,0,0,29576,30714
7794,2,0,0,5,2,2,Male,48,0,0,0,0,0,33447,57225
7795,1,0,0,2,4,3,Female,21775,0,0,0,20846,16173,1876,68834
7795,2,0,0,2,4,3,Female,28310,0,0,0,13766,21236,1739,55958
784,1,0,0,4,3,4,Male,5393,0,0,0,0,0,12783,29169
784,2,0,0,4,3,4,Male,6100,0,0,0,0,0,12700,24232
7931,1,0,0,4,3,2,Male,549,0,0,0,1763,3009,1028,26320
7931,2,0,0,4,3,2,Male,353,0,0,0,156,1639,1042,8336
7968,1,0,0,2,2,4,Female,1699,0,2527,0,0,0,1959,28145
7968,2,0,0,2,2,4,Female,3314,0,2608,0,0,0,2808,27023
8020,1,0,0,1,3,1,Male,3715,0,0,0,21661,10155,2841,57741
8020,2,0,0,1,3,1,Male,2681,0,0,0,31932,8354,906,54101
8037,1,0,0,1,4,1,Male,28386,0,9053,0,5805,30,752,48545
8037,2,0,0,1,4,1,Male,46243,0,24422,0,589,0,176,45713
8078,1,0,0,1,3,1,Female,12334,0,4322,0,9824,4755,1166,120682
8078,2,0,0,1,3,1,Female,73185,0,8162,0,5514,28759,3226,113009
8108,1,0,0,4,4,4,Male,0,0,0,0,15289,3,15865,74793
8108,2,0,0,4,4,4,Male,0,0,0,0,9781,0,12483,98320
8128,1,0,0,2,2,4,Male,36499,0,102,0,35665,4848,325,59007
8128,2,0,0,2,2,4,Male,38656,0,0,0,0,2252,517,18793
8141,1,0,0,1,3,1,Male,3715,0,0,0,21661,10155,2841,57741
8141,2,0,0,1,3,1,Male,2681,0,0,0,31932,8354,906,54101
8158,1,0,0,4,1,2,Male,9303,0,1374,0,0,0,44,6507
8158,2,0,0,4,1,2,Male,8978,0,4999,0,0,0,347,15300
8180,1,0,0,2,3,3,Female,72795,0,499,0,0,46897,3243,70529
8180,2,0,0,2,3,3,Female,41142,0,27,0,0,28376,3276,46017
8197,1,0,0,3,4,4,Female,33387,0,10260,0,0,426,2682,23758
8197,2,0,0,3,4,4,Female,15687,0,9853,0,0,1519,1304,24022
8205,1,0,0,1,3,1,Male,572,0,3526,0,25,0,4756,36084
8205,2,0,0,1,3,1,Male,3623,0,4206,0,698,0,2868,30517
832,1,0,0,5,4,4,Male,267,0,0,0,0,0,3229,21121
832,2,0,0,5,4,4,Male,10856,0,0,0,0,0,6878,88362
8400,1,0,0,2,3,3,Male,51436,0,0,0,2018,10981,892,55254
8400,2,0,0,2,3,3,Male,31352,0,0,67,39693,6125,1344,91663
8480,1,0,0,2,3,3,Male,51436,0,0,0,2018,10981,892,55254
8480,2,0,0,2,3,3,Male,31352,0,0,67,39693,6125,1344,91663
8491,1,0,0,2,2,3,Male,18623,0,118,0,0,6861,1100,44578
8491,2,0,0,2,2,3,Male,27163,0,254,0,922,9266,353,58062
8526,1,0,0,2,3,3,Male,1125,0,0,0,961,0,3547,23487
8526,2,0,0,2,3,3,Male,1941,0,0,0,0,0,629,32511
8593,1,0,0,4,3,4,Male,6938,0,482,0,0,0,28359,75723
8593,2,0,0,4,3,4,Male,4919,0,171,0,0,0,4870,39291
8632,1,0,0,2,3,4,Female,8093,0,677,0,0,62,966,18786
8632,2,0,0,2,3,4,Female,29870,0,606,0,0,0,2199,9102
8634,1,0,0,5,3,4,Female,11239,0,0,0,0,0,10412,16225
8634,2,0,0,5,3,4,Female,9377,0,0,0,0,0,7897,17068
8693,1,0,0,2,3,3,Female,36028,0,0,0,0,1977,1581,34479
8693,2,0,0,2,3,3,Female,48992,0,321,0,0,0,467,43947
8756,1,0,0,3,2,2,Male,0,0,0,0,55111,0,1881,107393
8756,2,0,0,3,2,2,Male,0,0,0,0,97666,0,1405,176627
877,1,0,0,4,4,2,Male,2009,0,391,0,1959,79,11624,36460
877,2,0,0,4,4,2,Male,5059,0,1324,0,12973,259,2260,34258
8776,1,1,0,3,3,4,Female,4944,0,175,0,18027,0,6985,104512
8776,2,1,1,3,3,4,Female,3187,138,977,0,15024,0,3180,91932
8818,1,1,0,3,3,4,Female,4944,0,175,0,18027,0,6985,104512
8818,2,1,1,3,3,4,Female,3187,138,977,0,15024,0,3180,91932
887,1,0,0,3,4,4,Male,3484,0,895,0,19285,429,4092,32448
887,2,0,0,3,4,4,Male,1918,0,1468,0,41330,131,3160,56602
8912,1,0,0,4,3,4,Female,14672,0,240,0,52,0,1297,18121
8912,2,0,0,4,3,4,Female,13953,0,533,0,0,0,3973,14797
8933,1,0,0,3,3,4,Female,6556,0,164,0,23352,4659,4275,53187
8933,2,0,0,3,3,4,Female,4252,0,317,0,13144,2360,2982,35955
8949,1,0,0,2,3,4,Male,100713,0,0,0,0,0,2894,19269
8949,2,0,0,2,3,4,Male,136042,0,0,0,0,0,564,35742
9040,1,0,0,3,4,4,Male,43109,0,26,0,232,3682,2748,28303
9040,2,0,0,3,4,4,Male,15736,0,0,0,0,5052,1206,43259
9049,1,0,0,3,4,4,Female,2122,0,2803,0,377,8343,6319,40328
9049,2,0,0,3,4,4,Female,2384,0,1520,0,0,5674,8976,52822
9058,1,0,0,3,4,4,Male,13910,0,3621,0,0,0,6251,41391
9058,2,0,0,3,4,4,Male,20905,0,3804,0,0,0,10412,47635
9062,1,0,0,3,2,4,Male,0,0,0,0,0,0,34903,38530
9062,2,0,0,3,2,4,Male,0,0,0,0,0,0,220,545
9086,1,0,0,4,2,4,Male,3789,0,689,0,0,131,4994,65302
9086,2,0,0,4,2,4,Male,14461,0,896,0,0,61,6243,67678
9088,1,0,0,4,3,4,Male,0,0,0,0,26002,671,4625,74774
9088,2,0,0,4,3,4,Male,0,0,0,0,5047,242,920,6721
9093,1,0,0,3,3,4,Male,11248,0,160,0,14938,0,2813,81703
9093,2,0,0,3,3,4,Male,7627,0,3005,0,27808,223,3890,109422
9121,1,0,0,2,3,3,Male,6558,0,436,0,15,1679,135,95140
9121,2,0,0,2,3,3,Male,2031,0,0,0,1523,1181,108,95934
9165,1,0,0,2,3,3,Female,29910,0,184,0,0,8589,2428,98963
9165,2,0,0,2,3,3,Female,77261,0,0,0,0,13132,4130,69295
9193,1,0,0,3,3,4,Female,2770,0,0,0,0,0,2080,5738
9193,2,0,0,3,3,4,Female,2468,0,0,0,0,0,232,3949
925,1,0,0,3,3,4,Male,0,0,0,0,0,0,795,39094
925,2,0,0,3,3,4,Male,0,0,0,0,0,0,1257,27473
9314,1,0,0,2,3,4,Female,46456,0,2203,0,1487,4378,2882,32092
9314,2,0,0,2,3,4,Female,75346,0,1921,0,131,3445,2229,24713
9374,1,0,0,5,3,4,Male,255,0,6350,0,2449,3400,23883,39567
9374,2,0,0,5,3,4,Male,0,0,671,0,0,1197,299,2434
9390,1,0,0,5,2,2,Female,21324,0,83,0,6005,0,3912,14254
9390,2,0,0,5,2,2,Female,18530,0,0,0,1233,0,3895,10059
9405,1,0,0,5,3,4,Male,23809,0,0,0,0,0,2046,11384
9405,2,0,0,5,3,4,Male,2621,0,0,0,0,0,1631,28968
9459,1,0,0,3,3,4,Female,22663,0,6911,0,0,0,7768,158297
9459,2,0,0,3,3,4,Female,6288,0,6778,0,0,0,3915,212010
9482,1,0,0,2,2,3,Male,286,0,0,0,0,0,82,674
9482,2,0,0,2,2,3,Male,1030,0,0,0,7153,0,18,10547
949,1,0,0,3,4,3,Male,10631,0,0,0,2909,0,2628,30149
949,2,0,0,3,4,3,Male,6122,0,0,0,3825,0,3584,48185
9545,1,0,0,2,3,3,Male,51436,0,0,0,2018,10981,892,55254
9545,2,0,0,2,3,3,Male,31352,0,0,67,39693,6125,1344,91663
9617,1,0,0,4,3,4,Male,34712,0,2965,0,0,0,7656,21734
9617,2,0,0,4,3,4,Male,31542,0,1317,0,0,0,1904,32030
9625,1,1,0,3,4,4,Female,19543,0,1015,0,0,2634,857,8803
9625,2,1,1,3,4,4,Female,80772,25351,15937,3204,0,3459,4328,37415
9641,1,1,0,2,3,3,Female,63610,0,1471,0,15938,8974,1439,59546
9641,2,1,1,2,3,3,Female,78699,512,930,1158,11134,6526,1486,58872
9747,1,0,0,2,2,3,Female,4449,0,0,0,16787,478,299,27485
9747,2,0,0,2,2,3,Female,180,0,0,0,1592,317,311,3049
9751,1,1,0,2,3,3,Female,63610,0,1471,0,15938,8974,1439,59546
9751,2,1,1,2,3,3,Female,78699,512,930,1158,11134,6526,1486,58872
9811,1,0,0,1,3,1,Male,3715,0,0,0,21661,10155,2841,57741
9811,2,0,0,1,3,1,Male,2681,0,0,0,31932,8354,906,54101
9835,1,0,0,3,4,3,Male,10631,0,0,0,2909,0,2628,30149
9835,2,0,0,3,4,3,Male,6122,0,0,0,3825,0,3584,48185
9840,1,0,0,2,3,3,Male,1125,0,0,0,961,0,3547,23487
9840,2,0,0,2,3,3,Male,1941,0,0,0,0,0,629,32511
9884,1,0,0,4,4,4,Male,0,0,0,0,150,0,5080,10971
9884,2,0,0,4,4,4,Male,787,0,12,0,1146,0,7515,15493
9909,1,0,0,5,2,2,Male,0,0,0,0,0,0,2781,15613
9909,2,0,0,5,2,2,Male,7,0,0,0,0,0,525,585
9960,1,0,0,1,3,1,Female,23190,0,0,0,1288,42184,3277,66621
9960,2,0,0,1,3,1,Female,15825,0,0,0,611,57089,1384,105341
